Owner,Latitude,Longitude,Total Capacity (ttpa),Number of Plants,avg_env,n_plants_with_env,total_capacity
A. Finkl & Sons Corp,41.724915,-87.589968,1146.0,1,,0.0,1146.0
ABA Çelik Demir LŞ,36.747413,36.21733,2200.0,1,,0.0,2200.0
AFV Acciaierie Beltrame SpA,45.522097,11.499295,2400.0,1,,0.0,2400.0
AG Siderurgica Balboa SA,38.326405,-6.767326,2600.0,1,,0.0,2600.0
AG der Dillinger Hüttenwerke AG,49.353884,6.746603,11820.0,1,,0.0,11820.0
ALPA - Aciéries et Laminoirs de Paris SAS,48.983515,1.76245,1400.0,1,,0.0,1400.0
AM/NS Calvert LLC,31.148446,-87.990521,6000.0,1,,0.0,6000.0
Abba Steel Ltd,-17.397866,15.891022,6000.0,1,,0.0,6000.0
Abinski Elektrometallurgicheski Zavod LLC,44.881938,38.12751,3100.0,1,,0.0,3100.0
Abu Dhabi National for Building Materials Co PJSC,24.37872,54.475153,2000.0,1,,0.0,2000.0
Abul Khair Steel Ltd,22.472008,91.734827,2800.0,1,,0.0,2800.0
Acciai Speciali Terni SpA,42.564752,12.66936,2900.0,1,,0.0,2900.0
Acciaieria Arvedi SpA,45.145949,9.950821,8600.0,1,,0.0,8600.0
Acciaierie Bertoli Safau SpA,46.008483,13.255117,2200.0,1,,0.0,2200.0
Acciaierie Venete SpA,45.70568033333333,11.185377666666668,3480.0,3,,0.0,3480.0
Acciaierie d'italia SpA,40.508993,17.207589,20600.0,1,,0.0,20600.0
Acciaierie di Calvisano SpA,45.371651,10.331967,1200.0,1,,0.0,1200.0
Acciaierie di Sicilia SpA,37.438448,15.03287,1000.0,1,,0.0,1000.0
Acciaierie di Verona SpA,45.42882,11.000861,2500.0,1,,0.0,2500.0
Acerinox Europa SAU,36.181686,-5.426626,2400.0,1,,0.0,2400.0
Aceros AZA SA,-33.294729,-70.727881,1040.0,1,,0.0,1040.0
Aceros Especiales Simec Tlaxcala SA de CV,20.749476,-99.50398949999999,3912.0,2,,0.0,3912.0
Acindar Industria Argentina de Aceros SA,-33.249936,-60.300415,4000.0,1,,0.0,4000.0
Aco Verde do Brasil SA,-4.874373,-47.4073517,1200.0,1,,0.0,1200.0
Action Ispat and Power Pvt Ltd,21.839759,83.982227,7500.0,1,5.689952463411906e-07,72.0,270000.0
Ada - Aceria De Angola SA,-8.5824,13.405271,500.0,1,,0.0,500.0
Adhunik Metaliks Ltd,22.308371,84.763584,1000.0,1,1.862246317522238e-07,36.0,36000.0
African Natural Resources & Mines Ltd,9.462715,7.368,1000.0,1,,0.0,1000.0
Agha Steel Industries Ltd,24.841851,67.310159,900.0,1,,0.0,900.0
Ahya Steel Folad Baft Co,29.289109,56.490707,0.0,1,,0.0,0.0
Aichi Steel Corp,35.044558,136.900772,2990.0,1,,0.0,2990.0
Ajaokuta Steel Co Ltd,7.511336,6.689364,2600.0,1,,0.0,2600.0
Aktobe Generatsiya LLC,50.355117,57.145119,1636.0,1,,0.0,1636.0
Al Anmaa for Construction Materials Production Ltd,30.218529,47.827362,1470.0,1,,0.0,1470.0
Al Atoun Steel Industries,24.029,38.180077,1820.0,1,,0.0,1820.0
Al Ezz Dekheila Steel Company Alexandria SAE,31.123467,29.80987,6400.0,1,,0.0,6400.0
Al Ezz Flat Steel Company SAE,29.692045,32.322117,7800.0,1,,0.0,7800.0
Al Qaryan Steel Co,26.280741,49.956755,500.0,1,,0.0,500.0
AlGioshy Steel SAE,29.6752173,32.3028163,1000.0,1,,0.0,1000.0
Alchevsk Metallurgical Plant PJSC,48.47811099999999,38.770787,10944.0,1,,0.0,10944.0
Alfa Acciai SpA,45.508698,10.248464,4000.0,1,,0.0,4000.0
Algerian Qatari Steel,36.753961,6.24442,8000.0,1,,0.0,8000.0
Algoma Steel Group Inc,46.51898400000001,-84.374068,13800.0,1,,0.0,13800.0
Alliance Steel (M) Sdn Bhd,4.007595,103.344458,13500.0,1,,0.0,13500.0
Alton Steel Inc,38.884465,-90.14579,1360.0,1,,0.0,1360.0
Altos Hornos de Mexico SAB de CV,26.876889,-101.416612,11000.0,1,,0.0,11000.0
Amir Kabir Arak Steel Co,37.164815,49.595132,1026.0,1,,0.0,1026.0
Amreli Steels Ltd,24.800326,67.504851,1000.0,1,,0.0,1000.0
Amsteel Mills Sdn Bhd,2.93834,101.5287635,7200.0,2,,0.0,7200.0
Amurstal LLC,50.563131,136.976362,6000.0,1,,0.0,6000.0
Andrade Valladares Engenharia e Construcao Ltda,-4.887877,-47.392157,0.0,1,,0.0,0.0
Angang Lianzhong Stainless Steel Corp,23.126822,113.505817,3800.0,1,1.8127670125251789e-06,36.0,136800.0
Angang Steel Co Ltd,41.03349325,122.11672025,67400.0,3,3.906088186594459e-06,144.0,2426400.0
Anhui Changjiang Steel Co Ltd,31.502272,118.465162,7600.0,1,2.261986256009566e-07,36.0,273600.0
Anhui Guihang Special Steel Co Ltd,30.531068,117.251147,5400.0,1,1.7794022016488814e-07,36.0,194400.0
Anhui Jin'an Stainless Steel Foundry Co Ltd,31.763956,115.924372,1000.0,1,1.395236709205443e-08,36.0,36000.0
Anhui Jingxian Longxin Iron and Steel Co Ltd,30.709058,118.436638,2000.0,1,2.0509678047357988e-07,72.0,72000.0
Anhui Langxi County Fuhang Steel Co Ltd,31.246635,119.120443,4200.0,1,1.3798701645296165e-07,72.0,151200.0
Anhui Shoukuang Dachang Metal Material Co Ltd,32.329171,115.954963,6000.0,1,1.758693881989082e-07,36.0,216000.0
Ann Joo Integrated Steel Sdn Bhd,5.380391,100.377598,1800.0,1,,0.0,1800.0
Ann Joo Steel Bhd,3.042585,101.537011,1640.0,1,,0.0,1640.0
Anshan Baode Iron & Steel Co Ltd,41.173613,122.945501,3600.0,1,8.84559931538874e-07,36.0,129600.0
Anshan Iron and Steel Group Co Ltd,-4.244263,122.371221,5000.0,1,,0.0,5000.0
Antara Steel Mills Sdn Bhd,5.253839,115.242717,0.0,1,,0.0,0.0
Anyang Huixin Special Steel Co Ltd,36.152418,114.15839,2400.0,1,5.512143937759001e-07,36.0,86400.0
Anyang Iron & Steel Co Ltd,36.122129,114.283145,18100.0,1,3.1540609826297132e-06,108.0,651600.0
Anyang Xinpu Steel Co Ltd,36.163203,114.296223,4000.0,1,7.577808008996371e-07,36.0,144000.0
Anyuan Iron & Steel Co Ltd,27.64555,113.902126,5300.0,1,9.131096355485826e-07,36.0,190800.0
Aperam Inox America do Sul SA,-19.531272,-42.639979,1800.0,1,,0.0,1800.0
Aperam Stainless Belgium NV,50.6744855,5.0219685,4400.0,2,,0.0,4400.0
Arab Steel Co,26.277917,49.949177,9000.0,1,,0.0,9000.0
Arabian Gulf Steel Industries Selling Port LLC,24.283335,54.463384,600.0,1,,0.0,600.0
ArcelorMittal Atlantique et Lorraine SAS,50.613886,3.25548775,27300.0,2,,0.0,27300.0
ArcelorMittal Brasil SA,-19.27770725,-43.550602875,18800.0,6,,0.0,18800.0
ArcelorMittal Bremen GmbH,53.133305,8.688193,10400.0,1,,0.0,10400.0
ArcelorMittal Dofasco GP,43.269255,-79.804858,12900.0,1,,0.0,12900.0
ArcelorMittal Duisburg GmbH,51.462987,6.744612,5200.0,1,,0.0,5200.0
ArcelorMittal Eisenhüttenstadt GmbH,52.168648999999995,14.623472999999999,9600.0,1,,0.0,9600.0
ArcelorMittal España SA,43.531021800000005,-5.7600587999999995,13000.0,2,,0.0,13000.0
ArcelorMittal Hamburg GmbH,53.522601,9.900749,2200.0,1,,0.0,2200.0
ArcelorMittal Hunedoara SA,45.735183,22.91627,1600.0,1,,0.0,1600.0
ArcelorMittal Kryvyi Rih PJSC,47.874411,33.392993,15996.0,1,,0.0,15996.0
ArcelorMittal Long Products Canada GP,45.835148,-73.254957,4800.0,1,,0.0,4800.0
ArcelorMittal Méditerranée SAS,43.43283,4.887166,14200.0,1,,0.0,14200.0
ArcelorMittal México SA de CV,17.930688,-102.201498,13000.0,1,,0.0,13000.0
ArcelorMittal Nippon Steel India Ltd,20.27255871428571,79.08475514285715,157200.0,5,2.5682948513725193e-06,213.0,5201600.0
ArcelorMittal Poland SA,50.213133,19.6906715,15202.0,2,,0.0,15202.0
ArcelorMittal SA,40.6099988,-9.694795999999998,29800.0,6,3.519942278978408e-07,36.0,239800.0
ArcelorMittal South Africa Ltd,-28.0603955,26.919714,20354.0,3,,0.0,20354.0
ArcelorMittal Tubarão Comercial SA,-20.253447,-40.242298,15000.0,1,,0.0,15000.0
Arcelormittal Olaberria-Bergara SL,43.03829,-2.219625,2900.0,1,,0.0,2900.0
Arcelormittal Sestao SL,43.313144,-2.998964,4000.0,1,,0.0,4000.0
Arcelormittal Warszawa SP zoo,52.291337,20.917302,1500.0,1,,0.0,1500.0
Ardakan Steel Complex Co,32.373942,53.759655,2000.0,1,,0.0,2000.0
Arfa Iron and Steel Co,32.39309,53.7566,2000.0,1,,0.0,2000.0
Arjas Steel Pvt Ltd,14.873471,78.048425,1908.0,1,2.4122647755063105e-07,72.0,68688.0
Arvand Jahanara Steel Co,30.510886,48.241356,7800.0,1,,0.0,7800.0
Arvand Kaveh Steel Co,30.505458,48.272024,5000.0,1,,0.0,5000.0
Ascometal France Holding SAS,49.241492,6.152631,1650.0,1,,0.0,1650.0
Asean Steel JSC,12.59912,107.93922,500.0,1,,0.0,500.0
Ashinskiy Metzavod PJSC,54.99484,57.277548,2000.0,1,,0.0,2000.0
Asil Celik Sanayi ve Ticaret AŞ,40.42752,29.270141,1460.0,1,,0.0,1460.0
Atibir Industries Co Ltd,24.145239,86.334999,1200.0,1,6.276332524665742e-07,72.0,43200.0
Azerbaijan Integrated Steel Mill Complex,40.721908,46.363526,2500.0,1,,0.0,2500.0
Azna Steel,33.464353,49.391373,3800.0,1,,0.0,3800.0
BAP Al-Khair Steel Company,27.49794789593726,49.18415539099505,3334.0,1,,0.0,3334.0
BERIS Jiangsu Heavy Industry Co Ltd,32.104319,119.792126,4000.0,1,7.105556523278584e-07,28.0,112000.0
BES Brandenburger Elektrostahlwerke GmbH,52.402617,12.496135,3600.0,1,,0.0,3600.0
BMM Ispat Ltd,15.16972,76.37971,4308.0,1,3.342603874106638e-07,36.0,155088.0
BMZ-Upravlyayushchaya Kompaniya Kholdinga BMK JSC,52.849321,29.988985,6000.0,1,,0.0,6000.0
BSRM Steels Ltd,22.873774,91.545562,800.0,1,,0.0,800.0
Badische Stahlwerke GmbH,48.595058,7.821633,5000.0,1,,0.0,5000.0
Bafgh Mineral Complex Iron & Steel Co,31.699307,55.440187,2400.0,1,,0.0,2400.0
Baicheng Fuda Bar Rolling Co Ltd,45.593303,122.895588,3176.0,1,2.1177984668153174e-07,72.0,114336.0
Baku Steel Company QSC,40.43136,49.886867,1600.0,1,,0.0,1600.0
Baldota Steel and Power Ltd,15.332616,76.206778,14000.0,1,1.9712164650032955e-07,36.0,504000.0
Bangkok Steel Industry PCL,13.647672,100.553882,1200.0,1,,0.0,1200.0
Bangladesh Steel Re-Rolling Mills Ltd,22.870631,91.545862,1625.0,1,,0.0,1625.0
Baobab Steel Ltd,-15.724345,33.762664,1000.0,1,,0.0,1000.0
Baoshan Iron & Steel Co Ltd,31.41623,121.440087,39600.0,1,4.111565713717504e-06,33.0,1306800.0
Baosteel Desheng Stainless Steel Co Ltd,26.48747,119.654461,13260.0,1,9.304320484881621e-08,54.0,358020.0
Baosteel Group Xinjiang Bayi Iron & Steel Co Ltd,43.852147,87.304639,14600.0,1,1.8862015258091613e-07,108.0,525600.0
Baosteel Special Metals Co Ltd,31.379422,121.484652,1000.0,1,3.8707823720038365e-06,14.0,14000.0
Baosteel Zhanjiang Iron & Steel Co Ltd,21.056035,110.48657,28656.0,1,2.4520703258209797e-07,70.0,1002960.0
Baotou Baoxin Special Steel Co Ltd,41.362925,110.988771,1200.0,1,7.668759896682523e-09,36.0,43200.0
Baotou DA AN IRON&STEEL Co Ltd,40.688731000000004,109.75999300000001,4900.0,2,1.9536989614718875e-06,72.0,176400.0
Baotou Deshun Spec. Steel Co Ltd,40.9019,110.336253,3500.0,1,2.0272920284718167e-08,72.0,126000.0
Baotou Jiyu Steel Co Ltd,40.662343,109.696243,1800.0,1,3.603567598893187e-08,36.0,64800.0
Baowu Group Echeng Iron & Steel Co Ltd,30.39574,114.861313,8552.0,1,4.005386047564504e-06,36.0,307872.0
Bashundhara Multi Steel Industries Ltd,22.719278,91.470382,2500.0,1,,0.0,2500.0
Beijing Shougang Co Ltd,39.976702,118.558788,19200.0,1,2.9802338441281766e-07,108.0,691200.0
Bengang Steel Plates Co Ltd,41.274132,123.722099,29880.0,1,8.644362314927018e-07,144.0,1075680.0
Benteler Steel/Tube GmbH,52.467622,7.317169,1300.0,1,,0.0,1300.0
Benxi Beiying Iron & Steel (GROUP) Co Ltd,41.224814,123.60837399999998,24232.0,1,1.2107105639477525e-07,108.0,872352.0
Berhard Development Corporation (Private) Ltd,-19.055102,29.782424,0.0,1,,0.0,0.0
Bhushan Power & Steel Ltd,22.665526,85.64622,6000.0,1,2.7426623900198766e-07,36.0,216000.0
Big River Steel LLC,35.644264,-89.941659,12044.0,1,,0.0,12044.0
Blastr Green Steel AS,60.0175,23.9126,5000.0,1,,0.0,5000.0
BlueScope Steel Ltd,-15.8939475,87.84584799999999,7400.0,2,,0.0,7400.0
Bonab Steel Complex,37.417437,46.035778,4500.0,1,,0.0,4500.0
Briquetera del Orinoco CA,8.274965,-62.819282,0.0,1,,0.0,0.0
British Steel Ltd,53.832979,-0.7456455,10202.0,2,,0.0,10202.0
Butia Iranian Steel Co,30.4912,56.8214,3000.0,1,,0.0,3000.0
CMC Poland SP zoo,50.487463,19.456759,3400.0,1,,0.0,3400.0
CVG Ferrominera Orinoco CA,8.33468,-62.728842,0.0,1,,0.0,0.0
Cambodia Iron & Steel Mining Industry Group Co Ltd,13.366642,105.118129,2000.0,1,,0.0,2000.0
Cangzhou China Railway Equipment Manufacturing Materials Co Ltd,38.289221,117.814367,15000.0,1,1.2137889990074958e-07,17.0,255000.0
Cangzhou Lingang Sanling Metal Co Ltd,38.311738,117.457779,4000.0,1,8.531821682663882e-08,72.0,144000.0
Captain Steel India Ltd,22.855859,87.345018,1000.0,1,4.4109197883041105e-07,36.0,36000.0
Cascade Steel Rolling Mills Inc,45.228035,-123.163599,1720.0,1,,0.0,1720.0
Celsa France SAS,43.529693,-1.500971,2400.0,1,,0.0,2400.0
Celsa Huta Ostrowiec SP zoo,50.947305,21.448763,1800.0,1,,0.0,1800.0
Century Steel Pte Ltd,34.124213,72.019181,1500.0,1,,0.0,1500.0
Ceylon Steel Co Ltd,6.128077,81.075224,1200.0,1,,0.0,1200.0
Chadormalu Mining & Industrial Co,32.387328,53.747706,2400.0,1,,0.0,2400.0
Changshu Longteng Special Steel Co Ltd,31.723833,120.835685,6170.0,1,9.29505336311301e-07,72.0,222120.0
Changzhou Dongfang Special Steel Co Ltd,31.602554,119.72425600000001,10840.0,1,4.200351791775557e-07,108.0,390240.0
Chart and Capstone Integrated Ltd,7.69346,6.806937,1500.0,1,,0.0,1500.0
Charter Manufacturing Co Inc,42.42184,-84.8040555,2410.0,2,,0.0,2410.0
Chelyabinskiy Metallurgicheskiy Kombinat PJSC,55.27073,61.436492,11598.0,1,,0.0,11598.0
Chelyabinskiy Truboprokatnyi Zavod JSC,56.90205,59.992198,1900.0,1,,0.0,1900.0
Chengde Jianlong SPECIAL Steel Co Ltd,40.515035,117.596071,8800.0,1,1.410034328342522e-07,36.0,316800.0
Chengde Shengfeng Iron & Steel Co Ltd,40.622466,118.490845,2602.0,1,3.1868510382327677e-07,36.0,93672.0
Chengde Street Ltd,40.947707,117.719747,16000.0,1,1.6460128454100717e-07,36.0,576000.0
Chengde Zhaofeng Steel Group Co Ltd,40.593875,118.633334,3400.0,1,6.856854649642892e-08,36.0,122400.0
Chengdu Changfeng Steel Group Co Ltd,31.031921,103.672956,6200.0,1,4.4051662964879783e-07,144.0,223200.0
Chengyu Vanadium & Titanium Technology Co Ltd,29.732142999999997,104.504339,16100.0,1,3.1340121672498524e-07,108.0,579600.0
Chifeng Yuanlian Steel Co Ltd,42.278115,119.015289,4900.0,1,1.5798858520764956e-06,36.0,176400.0
Chifeng Zhongtang Special Steel Co Ltd,41.834064,119.281883,5400.0,1,1.2671960487797165e-07,36.0,194400.0
China Steel Corp,22.555442,120.34925200000002,23000.0,1,,0.0,23000.0
Chizhou Guichi Guihang Metal Products Co Ltd,30.532786,117.25166,4000.0,1,1.779402201648882e-07,72.0,144000.0
Chongli Steel Manufacturing Co Ltd,36.602468,113.755744,3600.0,1,2.5273756752683976e-07,36.0,129600.0
Chongqing Iron & Steel Co Ltd,29.790253,107.040368,16800.0,1,4.700955705886395e-07,36.0,604800.0
Chongqing Yonghang Steel Group Co Ltd,29.836163,106.988138,1400.0,1,4.4218073128853093e-07,36.0,50400.0
Chongqing Zuhang Steel Co Ltd,29.440056,105.741929,4040.0,1,3.9377988144949764e-07,72.0,145440.0
Chow Steel Industries PCL,14.074757,101.84215,730.0,1,,0.0,730.0
Chubu Steel Plate Co Ltd,35.118836,136.867567,3200.0,1,,0.0,3200.0
Cleveland-Cliffs Inc,41.01253846666667,-83.08844693333334,57662.0,12,,0.0,57662.0
Columbus Stainless (Pty) Ltd,-25.796313,29.497972,1700.0,1,,0.0,1700.0
Commercial Metals Co,33.87139514285714,-88.24068757142857,10152.0,7,,0.0,10152.0
Companhia Siderurgica do Cuchi SA,-14.650166,16.925606,0.0,1,,0.0,0.0
Companhia Siderúrgica Nacional SA,-22.512631,-44.11287,12502.0,1,,0.0,12502.0
Compania Espanola de Laminacion SL,41.454855,1.980107,5000.0,1,,0.0,5000.0
Compania Siderurgica Huachipato SA,-36.746421,-73.129171,2900.0,1,,0.0,2900.0
Complejo Siderurgico de Guayana CA,8.297662,-62.780149,0.0,1,,0.0,0.0
Corporacion Aceros Arequipa SA,-13.788622,-76.168173,4200.0,1,,0.0,4200.0
Corporacion Venezolana de Guayana,8.290142,-62.805419,0.0,1,,0.0,0.0
Corporación AG SA,14.232007,-90.815444,1000.0,1,,0.0,1000.0
Corrugados Getafe SL,40.310803,-3.703568,1200.0,1,,0.0,1200.0
Crest Steel and Power Pvt Ltd,21.190313,81.19922,1651.0,1,7.254347192001818e-07,108.0,59436.0
Cristian Lay SL,43.179125,-2.255939,1600.0,1,,0.0,1600.0
DELONG Steel Ltd,37.086116,114.384832,6000.0,1,5.378340236200123e-07,36.0,216000.0
DRI d'Italia SpA,40.508993,17.207589,0.0,1,,0.0,0.0
DST Nghi Son Iron and Steel JSC,19.367379,105.675841,1960.0,1,,0.0,1960.0
Daehan Steel Co Ltd,35.099098,128.860339,2000.0,1,,0.0,2000.0
Daido Steel Co Ltd,35.016404,136.864744,3000.0,1,,0.0,3000.0
Dalmine SpA,45.641516,9.600242,1400.0,1,,0.0,1400.0
Danyang Longjiang Steel Co Ltd,32.027791,119.57706,3000.0,1,1.5891819658685367e-06,36.0,108000.0
Dar Al Arkan Real Estate Development Company SJSC,21.524005,39.240633,1200.0,1,,0.0,1200.0
Daric Investment Holding Co,37.987218999999996,46.35052,6100.0,4,,0.0,6100.0
Daye Huaxin Industrial Co Ltd,30.070218999999998,114.926251,5166.0,1,6.329771589384634e-07,108.0,185976.0
Daye SPECIAL Steel Co Ltd,30.204603,115.125838,7560.0,1,1.003871167742237e-06,72.0,272160.0
Dazhou Hangda Steel Co Ltd,31.435149,107.685981,2000.0,1,1.414717889955438e-07,36.0,72000.0
DeAcero SAPI de CV,23.014859,-100.943702,12000.0,2,,0.0,12000.0
Delta Steel Company Ltd,30.11843,31.281264,1000.0,1,,0.0,1000.0
Deutsche Edelstahlwerke GmbH,50.922844,8.024006,1200.0,1,,0.0,1200.0
Devki Steel Mills Ltd,-3.77734,39.279963,2000.0,1,,0.0,2000.0
Dexin Steel Pte Ltd,-2.829514,122.174896,42000.0,1,,0.0,42000.0
Diler Demir Celik Endustri ve Ticaret AŞ,40.783161,29.533568,2600.0,1,,0.0,2600.0
Dinson Iron & Steel Company Pvt Ltd,-18.940658,30.608968,6800.0,1,,0.0,6800.0
Dnipro Metallurgical Plant PJSC,48.48079,34.978097,2460.0,1,,0.0,2460.0
Donalam SRL,44.904569,25.458124,1600.0,1,,0.0,1600.0
Donelektrostal LLC,47.740352,40.18942,1460.0,1,,0.0,1460.0
Dongbei Special Steel Group Dalian Special Steel Co Ltd,39.193697,122.057788,5390.0,1,2.0315632726886477e-07,36.0,194040.0
Dongkuk Steel Mill Co Ltd,36.7439675,128.01810799999998,7200.0,2,,0.0,7200.0
Dragon Steel Corp,24.226897,120.493911,12162.0,1,,0.0,12162.0
Duferco Travi e Profilati SpA,45.478363,10.209234,1900.0,1,,0.0,1900.0
E-Top Metal Co Ltd,24.167872,120.505482,1200.0,1,,0.0,1200.0
ESF Elbe-Stahlwerke Feralpi GmbH,51.3128,13.280386,2800.0,1,,0.0,2800.0
ESL Steel Ltd,23.632907,86.293671,9500.0,1,1.164965677570082e-06,72.0,342000.0
ETRHB Industrie SpA,36.834412,7.45494,2300.0,1,,0.0,2300.0
Eastern Steel Sdn Bhd,4.285062,103.432551,8900.0,1,,0.0,8900.0
Ecolant LLC,55.323946,42.150702,3600.0,1,,0.0,3600.0
Eden Flame Sdn Bhd,1.451512,103.917306,2100.0,1,,0.0,2100.0
Ege Celik Endustrisi Sanayi ve Ticaret AŞ,38.728005,26.940095,4000.0,1,,0.0,4000.0
Egyptian American Steel Rolling Company SAE,30.389174,30.571894,2400.0,1,,0.0,2400.0
Egyptian Iron & Steel Co,29.774458,31.312013,6400.0,1,,0.0,6400.0
Egyptian Sponge Iron & Steel Company SAE,30.393079,30.58773,6000.0,1,,0.0,6000.0
Egyptian Steel Group,29.40006,31.764005,2400.0,2,,0.0,2400.0
Ekinciler Demir ve Celik Sanayi AŞ,36.690115,36.205739,2500.0,1,,0.0,2500.0
Ekos Steel Mill PLC,8.781155,38.932065,1000.0,1,,0.0,1000.0
Electrasteel Inc,40.06301,-105.221982,0.0,1,,0.0,0.0
Electrosteel Castings Ltd,13.717188,79.630588,0.0,1,,144.0,0.0
Empresa Siderurgica del Peru SAA,-9.059693,-78.601178,1500.0,1,,0.0,1500.0
Empresa Siderúrgica del Mutún,-19.137325,-57.880605,1400.0,1,,0.0,1400.0
Emsteel Building Materials PJSC,24.322033,54.467987,7200.0,1,,0.0,7200.0
Eregli Demir ve Celik Fabrikalari AŞ,41.261469,31.420106,10402.0,1,,0.0,10402.0
Esfahan Steel Co,32.418304,51.331314,18360.0,1,,0.0,18360.0
Essar Global Fund Ltd,27.544749,49.208103,8000.0,1,,0.0,8000.0
Esteel Enterprise Sabah Sdn Bhd,6.104211,116.202218,0.0,1,,0.0,0.0
Eurasian Resources Group SARL; China Baowu Steel Group Co Ltd,52.9775332,63.1825737,0.0,1,,0.0,0.0
Evonith Metallics Ltd,20.701874,78.626378,3160.0,2,3.236239742569294e-07,108.0,113760.0
Evraz NTMK JSC,57.922851,60.033543,8800.0,1,,0.0,8800.0
Evraz North America PLC,44.37038,-104.619242,4600.0,2,,0.0,4600.0
Evraz ZSMK JSC,53.88618,87.257618,22084.0,1,,0.0,22084.0
Ezhou Hongtai Steel Co Ltd,30.532352,114.747597,3900.0,1,4.712759246242674e-07,72.0,140400.0
Ezz Steel Co,30.382179,30.563029,2000.0,1,,0.0,2000.0
F&F Steel,36.115147,43.977052,1200.0,1,,0.0,1200.0
Faizan Steel,24.897652,66.985678,548.0,1,,0.0,548.0
Fangchenggang Jinxi Steel Technology Co Ltd,21.646525,108.369582,8000.0,1,,0.0,8000.0
Fangda Special Steel Technology Co Ltd,28.645441,115.99204,5600.0,1,1.5372366516442625e-06,36.0,201600.0
Feng Hsin Steel Co Ltd,24.31287,120.712774,3402.0,1,,0.0,3402.0
Feralpi Siderurgica SpA,45.460582,10.456748,2432.0,1,,0.0,2432.0
Ferriera Valsabbia SpA,45.642905,10.380199,1800.0,1,,0.0,1800.0
Ferriere Nord SpA,46.232199,13.079104,4400.0,1,,0.0,4400.0
Ferrostal Labedy SP zoo,50.357438,18.610739,1000.0,1,,0.0,1000.0
Formosa Ha Tinh Steel Corp,18.036333,106.428271,43000.0,1,,0.0,43000.0
Fortescue Ltd,-22.398723,119.725896,0.0,1,,0.0,0.0
"Fugang METAL Manufacturing Co.ltd.,jilinjigang Steel Group",44.022802,125.505627,3720.0,1,1.0361184209293898e-07,72.0,133920.0
Fuhai Group New Energy Holding Co Ltd,-1.556636,103.679366,3500.0,1,,0.0,3500.0
Fujian Dingsheng Steel Co Ltd,27.224477,120.328828,6904.0,1,1.208955735399196e-07,54.0,186408.0
Fujian Dingxin Industry Co Ltd,26.7695,119.738519,1200.0,1,1.4714173121868865e-07,17.0,20400.0
Fujian Fuxin Special Steel Co Ltd,24.472439,117.94885,1440.0,1,2.2298796239098623e-07,7.0,10080.0
Fujian Great Dong Hai Industrial Group Co Ltd,25.737777000000005,119.592239,12454.0,1,2.5359924368437525e-07,69.0,286442.0
Fujian Hengwang Investment Co Ltd,42.3375414,69.7356008,5000.0,1,,0.0,5000.0
Fujian Longgang New Materials Co Ltd,25.357408,117.362096,2420.0,1,9.651753263997664e-08,36.0,87120.0
Fujian Luoyuan Minguang Iron & Steel Co Ltd,26.483815,119.67105,8900.0,1,9.304320484881622e-08,54.0,240300.0
Fujian Qingtuo New Material Co Ltd,26.779301,119.767935,1916.0,1,1.5447298015934724e-07,32.0,61312.0
Fujian San'an Iron & Steel Co Ltd,25.244396,118.029905,9700.0,1,3.0873828544363803e-07,144.0,349200.0
Fujian Sanbao Steel Co Ltd,24.635769,117.603677,15912.0,1,3.8890589673376637e-07,72.0,572832.0
Fujian Tsingtuo Nickel Industry Co Ltd,26.768925,119.765203,6000.0,1,1.4714173121868867e-07,17.0,102000.0
Fujian Wuhang Stainless Steel Products Co Ltd,25.95923,119.452018,4000.0,1,5.740421232492858e-07,31.0,124000.0
Fujian Yixin Steel & Iron Co Ltd,26.491308,119.63624,5020.0,1,9.304320484881621e-08,54.0,135540.0
Fulun Iron & Steel Co Ltd,36.308447,117.540425,5400.0,1,5.040629034808344e-07,36.0,194400.0
Fushun HANWANG Direct Reduced Iron Co Ltd,41.670998,123.85143,0.0,1,,36.0,0.0
Fushun New Steel Corp Ltd,41.841223,123.75389500000001,11100.0,1,8.736048308588803e-07,180.0,399600.0
Fushun Special Steel Co Ltd,41.838774,123.806586,1998.0,1,1.1196519792209096e-06,36.0,71928.0
Fuzhou Wuhang Steel Products Co Ltd,25.995101,119.495725,4000.0,1,1.3620465111032191e-06,26.0,104000.0
G J Steel PCL,13.054668,101.078842,3000.0,1,,0.0,3000.0
G Steel PCL,12.793786,101.244592,3600.0,1,,0.0,3600.0
GFG Alliance Ltd,-33.009381,137.587836,5400.0,1,,0.0,5400.0
GLGH Steel,45.293492,21.90241,1000.0,1,,0.0,1000.0
GPH Ispat Ltd,22.536569,91.700729,1891.0,1,,0.0,1891.0
GV do Brasil Industria e Comercio de Aço Ltda,-21.632410999999998,-42.887049000000005,3600.0,2,,0.0,3600.0
Gallantt Ispat Ltd,26.757009,83.199086,528.0,1,6.805694353070346e-07,36.0,19008.0
Gansu Jiu Steel Group Hongxing Iron and Steel Co Ltd,39.812121,98.295555,15302.0,1,1.2079785177342787e-06,144.0,550872.0
Gaolan County Lanxin Steel Co Ltd,36.488866,103.922,2200.0,1,1.0747888485031573e-08,72.0,79200.0
Georgsmarienhuette GmbH,52.2122334,8.0420724,1300.0,1,,0.0,1300.0
Gerdau Acominas SA,-20.543507,-43.75295,8720.0,1,,0.0,8720.0
Gerdau Acos Longos SA,-23.5246146,-46.9120044,6052.0,4,,0.0,6052.0
Gerdau Ameristeel Corp,38.195105875,-87.21793325,13390.0,8,,0.0,13390.0
Gerdau Corsa SAPI de CV,19.6918405,-98.88839899999999,3000.0,2,,0.0,3000.0
Gerdau SA,-22.89918,-45.347726,1060.0,1,,0.0,1060.0
Ghaenat Steel Complex,33.926909,59.007852,1600.0,1,,0.0,1600.0
Global Steel Wire SA,43.445344,-3.839228,1500.0,1,,0.0,1500.0
Godawari Power and Ispat Ltd,21.470623,81.7106675,2859.0,2,3.5669650307723827e-07,72.0,102924.0
Godo Steel Ltd,35.057881,136.68735066666667,3400.0,3,,0.0,3400.0
Gohar Zamin Iron Ore Co,29.134614,55.360773,6000.0,1,,0.0,6000.0
Government of North Korea,40.025328,127.26543,20504.0,4,,0.0,20504.0
GravitHy,52.855224,13.115966,0.0,2,,0.0,0.0
Green Steel of WA Pty Ltd,-31.054427999999998,115.5199465,1000.0,2,,0.0,1000.0
Groupe Industriel Sider SpA,36.795924,7.707633,4300.0,1,,0.0,4300.0
Grupo Acerero SA de CV,22.087328,-100.901902,2750.0,1,,0.0,2750.0
GuangDong Xinxing Ductile Iron Pipes Co Ltd,22.09914,111.665479,0.0,1,,36.0,0.0
"Guangde Xinyuanda Metal Products Co., Ltd. Co Ltd",31.0494162,119.5296269,1000.0,1,1.4600992221477124e-07,36.0,36000.0
Guangdong Guangqing METAL Technology Co Ltd,21.697069,111.848841,4000.0,1,5.355278439871924e-07,16.0,64000.0
Guangdong Jingye Iron and Steel Co Ltd,23.454666,116.498483,4000.0,1,1.0571789511126154e-06,36.0,144000.0
Guangdong Jinshenglan Metallurgical Technology Co Ltd,22.888729,112.263081,7200.0,1,2.1707762204723663e-07,72.0,259200.0
Guangdong Nanfang Donghai Iron and Steel Co Ltd,22.907614,112.224952,4800.0,1,1.4510622570128888e-07,36.0,172800.0
Guangdong Yuebei United Steel Co Ltd,24.262452,113.728198,4110.0,1,1.640078220569587e-07,36.0,147960.0
Guangshui Huaxin Smelt Industry Co Ltd,31.50221,114.008142,1738.0,1,2.2957315340689256e-07,36.0,62568.0
Guangxi BG New Materials Co Ltd,21.519924,109.506427,6800.0,1,2.4999217103709725e-07,32.0,217600.0
Guangxi Chiji Iron and Steel Co Ltd,23.402121,111.134606,9600.0,1,1.6447418955933317e-07,36.0,345600.0
Guangxi Deyuan Metallurgy Co Ltd,22.785653,109.11917,6400.0,2,1.9009299391610108e-07,72.0,230400.0
Guangxi Guigang Iron and Steel Group Co Ltd,23.088182,109.634638,5000.0,1,7.164680853544464e-07,180.0,180000.0
Guangxi Guigang Iron and Steel Group Guigang Guibao SPECIAL Steel Co Ltd,23.089502,109.63938,2400.0,1,7.164680853544463e-07,36.0,86400.0
Guangxi Guixin Steel Group Co Ltd,23.978962,111.735523,12100.0,1,1.7690302512941966e-07,36.0,435600.0
Guangxi Hezhou Kexinda Metal Products Co Ltd,23.979937,111.745037,2300.0,1,1.769030251294197e-07,36.0,82800.0
Guangxi Iron and Steel Group Co Ltd,21.580723,108.400896,16800.0,1,6.798136651528681e-07,11.0,184800.0
Guangxi Liugang Zhongjin Stainless Steel Co Ltd,21.672610000000002,109.741866,2400.0,1,2.426229509622202e-07,108.0,86400.0
Guangxi Longzhou Zhongheng Wanhua Industrial Co Ltd,23.1567485,109.43017850000001,3450.0,2,7.200237642431583e-08,72.0,124200.0
Guangxi Shenglong Metallurgical Co Ltd,21.687637,108.412344,33966.0,1,1.4936148182751324e-07,96.0,1086912.0
Guangxi Wuzhou Jinhai Stainless Steel Co Ltd,23.518229,111.235509,3000.0,1,4.9105914014108335e-06,36.0,108000.0
Guilin Pinggang Iron and Steel Co Ltd,24.673567,110.78959,2400.0,1,2.0161537057804703e-07,36.0,86400.0
Guizhou Ganglian Industrial Group Co Ltd,27.615147,106.949926,2650.0,1,1.7575149754985268e-07,36.0,95400.0
Guizhou Hexing Metal Products Co Ltd,26.509525,107.570458,2040.0,1,2.317509813446507e-07,72.0,73440.0
Guizhou United Steel (Group) Co Ltd,27.591691,106.814024,3980.0,1,5.45623152471785e-07,36.0,143280.0
Gulf Tubing Co,27.502041,49.189647,1260.0,1,,0.0,1260.0
H2gs AB,-34.4637185,150.8865407,10000.0,1,,0.0,10000.0
HBIS Group Serbia Iron & Steel Beograd doo,44.606332,20.970066,4398.0,1,,0.0,4398.0
HBIS Laoting Steel Co Ltd,39.257823,119.033567,23000.0,1,1.3227231301366333e-07,99.0,759000.0
HES Hennigsdorfer Elektrostahlwerke GmbH,52.650903,13.212683,2000.0,1,,0.0,2000.0
Habas Industrial and Medical Gases Production Industries AŞ,38.751462,26.950172,9000.0,1,,0.0,9000.0
Hadeed Metal Manufacturing Co,33.626258,36.574968,2800.0,1,,0.0,2800.0
Hai Kwang Enterprise Corp,22.550634,120.365645,1200.0,1,,0.0,1200.0
Halyvourgiki SA,38.043873,23.508083,2400.0,1,,0.0,2400.0
Handan Iron and Steel Group Co Ltd,36.601308,114.439889,11904.0,1,3.932127055635829e-06,36.0,428544.0
Hanshan Iron and Steel Co Ltd,36.685881,113.837073,8976.0,1,1.296326594167001e-07,36.0,323136.0
Hbzx HIGH Tech Co Ltd,40.607977,115.067516,3600.0,1,4.569331469022854e-06,36.0,129600.0
Hebei Anfeng Iron & Steel Co Ltd,39.65849,118.894804,14200.0,1,1.7287453911348432e-07,36.0,511200.0
Hebei Baoxin Iron and Steel Group Co Ltd,36.555205,114.108273,3200.0,1,5.615340284915538e-07,36.0,115200.0
Hebei Bishi Industry Group Co Ltd,-6.896426,110.220286,9000.0,1,,0.0,9000.0
Hebei Donghai SPECIAL Steel Group Co Ltd,39.610605,118.474722,20002.0,1,3.4969795188544064e-07,36.0,720072.0
Hebei Huaxi Special Steel Co Ltd,39.260784,119.005925,3648.0,1,1.5518912118232465e-07,36.0,131328.0
Hebei Huaxin Special Steel Co Ltd,36.53048,114.245262,2700.0,1,5.305844378560656e-07,36.0,97200.0
Hebei Jinxi Iron & Steel Group Co Ltd,40.209844,118.220547,10000.0,1,1.6040314615004594e-07,36.0,360000.0
Hebei New Wuan Iron and Steel Group Xin Hui Metallurgy Co Ltd,36.664097,114.11526299999998,7150.0,1,3.51756890218462e-07,108.0,257400.0
Hebei New Wuan Lron and Steel Group Hong Rong Lron and Steel Co Ltd,36.640411,113.981172,4500.0,1,1.6696618319896255e-07,108.0,162000.0
Hebei New Wuan Steel Group Wenan IRON&STEEL Co Ltd,36.655461,114.06882949999999,5500.0,2,4.0645234076045486e-07,72.0,198000.0
Hebei PROVINCE Longfengshan Casting Industry Co Ltd,36.705105,114.105387,0.0,1,,36.0,0.0
Hebei Puyang Iron and Steel Co Ltd,36.733675,113.925995,11134.0,1,3.1082636080646887e-07,144.0,400824.0
Hebei Rongxin Iron & Steel Co Ltd,39.880661,118.558755,11040.0,1,2.6593697527273264e-07,144.0,397440.0
Hebei Taihang Iron and Steel Group Co Ltd,36.613716,114.082349,7900.0,1,3.2696642976644114e-07,36.0,284400.0
Hebei Tangyin IRON&STEEL Co Ltd,39.4298775,118.321497,10000.0,2,5.257653934140881e-07,72.0,360000.0
Hebei Tianzhu IRON&STEEL (GROUP) Co Ltd,39.803524,118.205663,6836.0,1,4.969423492353704e-07,36.0,246096.0
Hebei Tianzhu Iron and Steel Group Special Steel Co Ltd,39.270032,119.01376,6068.0,1,1.5518912118232468e-07,36.0,218448.0
Hebei Wenfeng STEEL&IRON Co Ltd,36.64577,114.124258,6998.0,1,3.51756890218462e-07,36.0,251928.0
Hebei Xinda Iron and Steel Co Ltd,39.898362,118.579364,14000.0,1,2.482171558245758e-07,108.0,504000.0
Hebei Xinfeng High-pressure Flange and Pipe Fitting Co Ltd,29.71349,32.31094,4000.0,1,,0.0,4000.0
Hebei Xinghua Iron and Steel Co Ltd,36.744936,114.111602,2800.0,1,2.5918671745979694e-07,36.0,100800.0
Hebei Xinjin Iron and Steel Co Ltd,36.715632,114.208992,6600.0,1,1.4567907278104675e-06,144.0,237600.0
Hebei Xinwuan Iron and Steel Group Co Ltd,3.586453,113.359851,20000.0,1,,0.0,20000.0
Hebei Xinxing Ductile Iron Pipes Co Ltd,36.621504,114.128189,5000.0,1,1.9609550047833613e-07,36.0,180000.0
Hebei Yanshan Iron and Steel Group Co Ltd,39.925508,118.672757,19980.0,1,1.6579513789437783e-07,36.0,719280.0
Hebei YongYang Special Steel Group Co Ltd,36.786851,114.376132,3220.0,1,3.3298397039578865e-07,72.0,115920.0
Hebei Zongheng Group Fengnan Iron & Steel Co Ltd,39.222566,118.094201,15400.0,1,2.7771366459437958e-08,19.0,292600.0
Heilongjiang Jianlong Iron and Steel Co Ltd,46.602297,131.071877,4002.0,1,9.066671159179521e-08,36.0,144072.0
Hejin Huaxinyuan Steel & Iron Co Ltd,35.605506,110.652056,4700.0,1,1.8139753090999239e-07,72.0,169200.0
Hellenic Halyvourgia SA,39.38588,22.80745,1400.0,1,,0.0,1400.0
Henan Angang Zhoukou Iron and Steel Co Ltd,33.364534,115.099661,6100.0,1,5.49611246629199e-07,72.0,219600.0
Henan Changtai Stainless Steel Plate Co Ltd,34.702951,112.955911,3872.0,1,5.251035353551245e-07,36.0,139392.0
Henan Fengbao SPECIAL Steel Co Ltd,36.131666,113.872158,5300.0,1,2.3580200076595308e-07,144.0,190800.0
Henan Jiyuan Iron & Steel (Group) Co Ltd,35.086396,112.55377400000002,13276.0,1,1.2034515925032586e-06,108.0,477936.0
Henan Xinjinhui Stainless Steel Industry Co Ltd,34.263509,113.853979,6800.0,1,4.27955049091294e-07,72.0,244800.0
Henan YAXIN Steel Industry Co Ltd,35.879956,114.33482499999998,7200.0,1,7.419217246950718e-07,108.0,259200.0
Hengyang Valin Steel Tube Co Ltd,26.865484,112.576853,2600.0,1,5.917305607508013e-07,36.0,93600.0
Heping Yueshen Steel Industrial Co Ltd,24.49796,114.93888,2800.0,1,2.537553053637039e-07,36.0,100800.0
Heyuan Derun Steel Co Ltd,23.5457045,114.820847,5700.0,2,1.2713276880686173e-07,72.0,205200.0
Hezhou Xindu Sanyuan Casting Co Ltd,23.987007,111.739775,1560.0,1,1.7690302512941972e-07,36.0,56160.0
Hezhou Zhaoxin Hardware Products Co Ltd,23.978567,111.735529,3500.0,1,1.7690302512941972e-07,72.0,126000.0
Hmisho Steel SA,34.364258,36.803848,1600.0,1,,0.0,1600.0
Hoa Phat Dung Quat Steel JSC,15.37768,108.793321,23200.0,1,,0.0,23200.0
Hoa Phat Hai Duong Steel JSC,21.01536,106.536023,5050.0,1,,0.0,5050.0
Hoa Sen Group,10.595295,107.044846,2600.0,1,,0.0,2600.0
Honghe Iron and Steel Co Ltd,23.470733,103.272784,2844.0,1,2.593352494320658e-07,108.0,102384.0
Hospet Steels Ltd,15.339055,76.251696,2844.0,1,1.9274737112269608e-07,108.0,102384.0
Houying Group Haicheng Iron and Steel Co Ltd,40.981855,122.948643,4000.0,1,1.4428335577451262e-07,144.0,144000.0
Huahong Iron and Steel Products Co Ltd,28.090098,119.519509,2400.0,1,3.5483695124126555e-07,36.0,86400.0
Huainan Hongtai Steel Limited Liability Co,32.619248,116.905869,1000.0,1,2.0451463499467597e-06,36.0,36000.0
Huangshi Xingang Heavy Industry Technology Co Ltd,30.097108,115.284652,4500.0,1,4.4617640857665766e-08,72.0,162000.0
Hubei Dazhan Steel & Iron Co Ltd,31.006752,113.754995,1000.0,1,5.417656794029619e-07,36.0,36000.0
Hubei Jinshenglan Metallurgical Technology Co Ltd,29.916729,113.822921,8900.0,1,6.014726864341703e-08,72.0,320400.0
Hubei Lijin Steel Group Co Ltd,32.127263,112.715688,7840.0,1,2.0261154235270383e-07,72.0,282240.0
Hubei Shunle Iron and Steel Co Ltd,29.925026,113.826118,4000.0,1,8.018961799426183e-07,36.0,144000.0
Hubei Wucheng Iron and Steel Group Co Ltd,30.341239,114.857744,2200.0,1,1.2554622262158588e-06,36.0,79200.0
Hubei Xinxin Steel Group Co Ltd; natural person(s),30.067469,114.934091,2400.0,1,6.329771589384635e-07,36.0,86400.0
Hunan Valin Lianyuan Iron and Steel Co Ltd,27.780956,112.43236,30400.0,2,2.2331182623836774e-06,72.0,1094400.0
Hwanyoung Steel Industries Co Ltd,36.956486,126.616956,1600.0,1,,0.0,1600.0
Hybar LLC,35.686814,-89.961981,1088.0,1,,0.0,1088.0
Hybrit Development AB,67.189096,20.720752,0.0,1,,0.0,0.0
Hydnum Steel SL,38.688849,-4.107015,5200.0,1,,0.0,5200.0
Hyron Africa,-22.084183,17.4099154,3000.0,1,,0.0,3000.0
Hyundai Steel Co,35.25001025,118.56025525,53994.0,4,4.0066469873148436e-09,36.0,242994.0
Hüttenwerke Krupp Mannesmann GmbH,51.371279,6.72331,24600.0,1,,0.0,24600.0
Industrie Riunite Odolesi IRO SpA,45.645688,10.374305,1200.0,1,,0.0,1200.0
Infrabuild Australia Pty Ltd,-35.798694499999996,147.818994,3060.0,2,,0.0,3060.0
Inner Mongolia (Naiman) Jingan Non-ferrous Metal Materials Co Ltd,43.696186,122.219433,4000.0,1,1.1899193184756078e-07,36.0,144000.0
Inner Mongolia BaoTou Steel Union Co Ltd,40.647997,109.740898,37300.0,1,5.0621525696926876e-08,108.0,1342800.0
Inner Mongolia Desheng Metal Products Co Ltd,39.867015,106.890377,2700.0,1,1.634253206943106e-07,36.0,97200.0
Inner Mongolia Mingtuo Ferrite New Material Co Ltd,40.597557,109.683202,1600.0,1,6.41345651243877e-08,36.0,57600.0
Inner Mongolia Wanzhou Special Steel Co Ltd,40.977329,110.022924,1150.0,1,3.0447482864380284e-08,36.0,41400.0
Inner Mongolia Yaxinlongshun Special Steel Co Ltd,40.689778,110.21470700000002,4000.0,1,2.2355340899927384e-09,108.0,144000.0
Interpipe Ltd,48.498914,35.096336,2640.0,1,,0.0,2640.0
Iran Alloy Steel Co,31.940106,54.037614,3200.0,1,,0.0,3200.0
Iranian Alborz Steel Co,36.614049,53.234213,1600.0,1,,0.0,1600.0
Iranian Ghadir Iron & Steel Co,32.3912,53.7496,0.0,1,,0.0,0.0
Iranian Sirjan Steel Co,29.928062,56.736539,5000.0,1,,0.0,5000.0
Isatis Sponge Iron Co,31.66328,54.592416,3500.0,1,,0.0,3500.0
Iskenderun Demir ve Celik AŞ,36.735672,36.204581,16600.0,1,,0.0,16600.0
Iton Seine SAS,49.033678,1.561022,1100.0,1,,0.0,1100.0
Ittehad Steels Pvt Ltd,31.643426,73.198542,1000.0,1,,0.0,1000.0
Ivaco Rolling Mills 2004 LP,45.613941,-74.704608,1300.0,1,,0.0,1300.0
Izmir Demir Celik Sanayi AŞ,38.739596,26.929091,6200.0,1,,0.0,6200.0
Içdaş Çelik Enerji Tersane Ve Ulaşim Sanayi AŞ,40.441491,27.137563,10002.0,1,,0.0,10002.0
JFE Bars & Shapes Corp,35.056672999999996,136.36677866666665,4440.0,3,,0.0,4440.0
JFE Steel Corp,35.35963075,136.943576625,69686.0,5,,0.0,69686.0
JSW Bengal Steel Ltd,22.575726,87.310258,20000.0,1,2.201546073510696e-07,36.0,720000.0
JSW Green Steel Ltd,18.530853,72.947091,26000.0,1,2.936478580655626e-07,54.0,468000.0
JSW Ispat Special Products Ltd,21.983709,83.238133,2400.0,1,1.250007760131436e-07,72.0,86400.0
JSW JFE Electrical Steel Pvt Ltd,15.042769,76.445529,4000.0,1,2.5623356160200904e-07,36.0,144000.0
JSW Jharkhand Steel Ltd,23.188108,85.715097,20002.0,1,2.6075383161842847e-07,36.0,720072.0
JSW Steel Italy Piombino SpA,42.93652,10.537794,1200.0,1,,0.0,1200.0
JSW Steel Ltd,17.014433529999998,76.94371291,99218.0,6,1.7303366749772638e-07,360.0,3571848.0
JSW Steel USA Ohio Inc,40.314891,-80.605553,3000.0,1,,0.0,3000.0
JSW Utkal Steel Ltd,20.216667,86.55,27000.0,1,4.120129973023353e-07,10.0,270000.0
JSW Vijayanagar Metallics Ltd,15.203176,76.659122,10000.0,1,1.629353995688974e-07,72.0,360000.0
Jai Balaji Industries Ltd,23.485256999999997,87.36084149999999,1955.0,2,3.9864255552963957e-07,144.0,70380.0
Jai Balaji Jyoti Steels Ltd,22.085338,84.86184,488.0,1,1.1017103537493368e-07,72.0,17568.0
Jai Balaji Steels Purulia Ltd,23.331734,86.363224,11400.0,1,3.8867873918437746e-07,36.0,410400.0
Jayaswal Neco Industries Ltd,21.354495,81.676444,4900.0,1,7.969875082750044e-07,72.0,176400.0
JiLin Province Xinda Steel Co Ltd,42.3249,125.246892,11200.0,1,4.68551869786381e-08,108.0,403200.0
Jianglong Acheng Iron & Steel Co Ltd,45.562002,126.968128,3200.0,1,1.264299619188972e-06,36.0,115200.0
Jiangsu Changqiang Iron & Steel Co Ltd,31.952064,120.189749,4000.0,1,3.500320753277881e-07,30.0,120000.0
Jiangsu Delong Nickel Industry Co Ltd,34.443469,119.816574,2700.0,1,2.54278624442844e-07,36.0,97200.0
Jiangsu HONGTAI Metals Ware Co Ltd,32.138393,119.554693,3152.0,1,3.10742288616147e-07,36.0,113472.0
Jiangsu Longyuan Steel Co Ltd,34.538033,117.329589,0.0,1,,36.0,0.0
Jiangsu Province Binxin Steel Group Co Ltd,35.09556,119.279989,9000.0,1,4.1164045200192456e-07,96.0,288000.0
Jiangsu Shagang Group Huaigang SPECIAL Steel Co Ltd,33.566039,118.988442,8074.0,1,8.163125343358469e-07,108.0,290664.0
Jiangsu Shente Steel Corp,31.471123,119.485941,5400.0,1,8.921531176548257e-07,36.0,194400.0
Jiangsu Suxin Special Steel Co Ltd,31.400644,120.475103,1500.0,1,1.960957615206605e-06,36.0,54000.0
Jiangsu Xingda Steel Group Co Ltd,34.501981,117.316278,3200.0,1,2.8873180354795323e-07,36.0,115200.0
Jiangsu Xusteel Group Co Ltd,34.577016,117.339638,9500.0,1,2.133876486660147e-07,72.0,342000.0
Jiangxi Taixin Iron & Steel Co Ltd,28.60445,118.163615,2000.0,1,3.096375890502831e-07,36.0,72000.0
Jiangxi Yuanxing Iron and Steel Co Ltd,24.881098,114.802833,1000.0,1,1.179537735207326e-06,36.0,36000.0
Jiangyin Huaxi Steel Co Ltd,31.816482,120.424347,3000.0,1,5.526393715174376e-07,36.0,108000.0
Jiangyin Xicheng Steel Co Ltd,31.892299,120.198394,1440.0,1,1.4457947356399042e-06,24.0,34560.0
Jiangyin Xingcheng SPECIAL Steel Works Co Ltd,31.950191,120.328449,16762.0,1,6.756894000353741e-07,92.0,385526.0
Jianlong Beiman SPECIAL Steel Co Ltd,47.191285,123.616512,5140.0,1,5.256010044898677e-07,36.0,185040.0
Jianlong Xilin Iron and Steel Co Ltd,47.495036,129.287919,8400.0,1,1.5367040722552098e-07,36.0,302400.0
Jilin Jianlong Steel Co Ltd,44.011951,126.537086,5400.0,1,4.7193757007426524e-08,36.0,194400.0
Jilin Jingang Lron and Steel Co Ltd,43.20023,124.335697,3000.0,1,2.9079786718912655e-07,36.0,108000.0
Jilin Steel Group Taihua Metal Equipment Manufacture Co Ltd,44.138826,125.914941,2000.0,1,3.5606878927529644e-07,72.0,72000.0
Jilinheng Precision Casting Technology Co Ltd,43.196537,126.00063,2200.0,1,9.102653433330891e-08,36.0,79200.0
Jinan Iron & Steel Group Co Ltd,36.718952,114.111677,10400.0,1,2.963253008544833e-07,72.0,374400.0
Jincheng FUSHENG Iron & Steel Co Ltd,35.662985,112.882395,16720.0,1,2.353549213737445e-07,72.0,601920.0
Jindal Shadeed Iron & Steel LLC,22.88180033333333,56.95978133333333,15000.0,2,,0.0,15000.0
Jindal Stainless Ltd,23.67904366666667,82.62568233333333,7646.0,2,2.6620419503230325e-07,108.0,275256.0
Jindal Steel & Power Ltd,21.064849625,84.317713875,104400.0,5,2.2087720873407672e-07,272.0,3662400.0
Jindal Steel Odisha Ltd,20.874713,84.944082,38400.0,1,2.056899377692607e-07,72.0,1382400.0
Jinding Heavy Industries Co Ltd,36.718952,114.111677,6000.0,1,2.9632530085448324e-07,36.0,216000.0
Jingye Iron and Steel Co Ltd,38.391372,114.139998,24800.0,1,1.6780759471777376e-07,72.0,892800.0
Jingzhou Qunli Metal Products Co Ltd,30.3505,112.353782,2000.0,1,1.5682250948397831e-07,36.0,72000.0
Jinye Steel Group Co Ltd,36.148131,113.209523,1900.0,1,5.279579526757547e-07,36.0,68400.0
Jinzhou Jinxing Special Steel Co Ltd,41.188888,121.225043,1480.0,1,1.0779969037682176e-07,72.0,53280.0
Jishan Mingfu Steel Products Co Ltd,35.665945,111.025976,5906.0,1,2.6335730283959007e-07,72.0,212616.0
JiuJiang PXSteel Co Ltd,29.778431,116.27527,9400.0,1,1.42871042095853e-07,36.0,338400.0
Jiugang Group Yuzhong Iron & Steel Co Ltd,36.033646,104.035535,8000.0,1,1.0715075747829817e-07,72.0,288000.0
KG Steel Co Ltd,37.233173,126.707465,8000.0,2,,0.0,8000.0
KIC Metaliks Ltd,23.507539,87.277914,790.0,1,3.9387833093479764e-07,72.0,28440.0
KISCO Corp,35.216552,128.640158,6000.0,1,,0.0,6000.0
KMK Tempo JSC,55.726872,52.535854,1008.0,1,,0.0,1008.0
KSP Steel LLC,52.334465,76.956302,1628.0,1,,0.0,1628.0
KSRM Steel Plant Ltd,22.499834,91.715778,1600.0,1,,0.0,1600.0
KVV Liepājas metalurgs AS,56.525273,21.0267,1700.0,1,,0.0,1700.0
Kaavian Steel Co,31.283549,48.572468,1400.0,1,,0.0,1400.0
Kalyani Steels Ltd,20.601819,85.594653,700.0,1,3.3743422649721586e-07,36.0,25200.0
Kam Industries (Nigeria) Ltd,8.454565,4.5430531,1200.0,1,,0.0,1200.0
Kamet-Steel PrJSC,48.528019,34.640915,7000.0,1,,0.0,7000.0
Kaptan Demir Celik Endustrisi Ve Ticaret AŞ,41.015222,27.959978,6800.0,1,,0.0,6800.0
Kardemir Karabuk Demir Çelik Sanayi Ve Ticaret AŞ,40.368088666666665,30.744477333333336,9502.0,2,,0.0,9502.0
Kazakhstal LLP,49.8902647,73.7561639,2400.0,1,,0.0,2400.0
Khorasan Steel Complex Co,36.3445,58.67875,2800.0,1,,0.0,2800.0
Khouzestan Oxin Steel Co,31.277236,48.747422,2400.0,1,,0.0,2400.0
Khouzestan Steel Co,30.742007,48.8881105,14400.0,2,,0.0,14400.0
Kish South Kaveh Steel Co,27.169696,56.095207,4800.0,1,,0.0,4800.0
Kishiwada Steel Co Ltd,34.477479,135.353918,1000.0,1,,0.0,1000.0
Kobe Steel Ltd,34.7169392,134.9104614,12672.0,2,,0.0,12672.0
Koc Metalurji AŞ,37.01488,36.104416,2200.0,1,,0.0,2200.0
Kocaer Çelik Sanayi ve Ticaret AŞ,37.858651,27.845846,2000.0,1,,0.0,2000.0
Krasnyi Oktyabr' Corporation JSC,48.754025,44.561004,1002.0,1,,0.0,1002.0
Kroman Celik Sanayii AS,40.801101,29.374115,2800.0,1,,0.0,2800.0
Kunming Iron & Steel Holding Co Ltd,21.423783,96.454378,8000.0,1,,0.0,8000.0
Kurdistan Steel Co,36.240352,46.278405,2000.0,1,,0.0,2000.0
Kurum International ShA,41.094611,20.026117,1400.0,1,,0.0,1400.0
Kyoei Steel Ltd,34.61929633333333,134.55528633333333,5290.0,3,,0.0,5290.0
LNM Group,-7.355128628104116,112.703729688359,1300.0,1,,0.0,1300.0
Laiwu Steel Yinshan Section Co Ltd,36.106143,117.820108,10002.0,1,5.002062085426638e-07,36.0,360072.0
Lamines Marchands Europeens SA,50.3292,3.490913,1640.0,1,,0.0,1640.0
Laminorul Danube Metallurgical Enterprise SRL,45.512949,22.339896,1700.0,1,,0.0,1700.0
Langfang Guangyuan Metalwork Co Ltd,39.181466,116.838667,8000.0,1,3.2230511380784194e-07,36.0,288000.0
Lao Cai Cast Iron and Steel,22.306931,104.12992,1000.0,1,,0.0,1000.0
Lebedinskiy GOK JSC,51.261995,37.654622,0.0,1,,0.0,0.0
Lech Stahlwerke GmbH,48.512051,10.855292,2800.0,1,,0.0,2800.0
Lengshuijiang Iron and Steel Co Ltd,27.690401,111.437288,6000.0,1,1.3051107467191717e-06,36.0,216000.0
Lianfeng Steel (Zhangjiagang) Co Ltd,31.855205,120.730505,21600.0,1,3.518819113570388e-07,120.0,648000.0
Lianyungang Huale Alloy Group Co Ltd,34.607964,119.447626,1242.0,1,5.2225403873551e-08,36.0,44712.0
Lianyungang Xingxin Iron and Steel Co Ltd,34.38381,119.786878,6000.0,1,3.260356131020249e-07,36.0,216000.0
Lianyungang Yaxin Iron and Steel Co Ltd,34.423786,119.778311,6000.0,1,3.260356131020249e-07,36.0,216000.0
Liaoyang United Steel Co Ltd,41.19138,122.877311,11400.0,1,8.150143613576148e-07,72.0,410400.0
Liaoyang Xinyi Special Steel Co Ltd,41.225003,122.970488,1000.0,1,4.446998501679393e-07,36.0,36000.0
Liberty Galati SA,45.434119,27.976244,14200.0,1,,0.0,14200.0
Liberty Steel Group,48.13816173333334,-0.14630333333333284,36348.0,8,,0.0,36348.0
Libyan Iron and Steel Co,32.335185,15.215053,3228.0,1,,0.0,3228.0
Licheng Taihang Iron & Steel Co Ltd,36.472303,113.344155,3400.0,1,9.034085773835556e-08,72.0,122400.0
Lingyuan Iron & Steel Co Ltd,41.271048,119.41374,14700.0,1,2.7189412158293e-06,72.0,529200.0
Linyi Iron and Steel Investment Group Co Ltd,35.15735,119.133999,6800.0,1,2.7867326482084494e-07,36.0,244800.0
Linyi Jiangxin Steel Co Ltd,34.951117,118.305389,5400.0,1,7.573093055378508e-07,36.0,194400.0
Liuzhou IRON&STEEL Co Ltd,24.385304,109.37963,25116.0,1,1.887295015574881e-06,72.0,904176.0
Liyang Baorun Steel Co Ltd,31.471123,119.485941,5520.0,1,8.921531176548258e-07,36.0,198720.0
Lloyds Metals and Energy Ltd,19.876694333333333,79.35076233333332,8650.0,2,1.1254141926354329e-07,216.0,311400.0
Long Son Phu My Iron & Steel Co,14.457367,109.0789538,10800.0,1,,0.0,10800.0
Longnan Fuxin Steel Co Ltd,24.912904,114.844503,5000.0,1,1.790623721557636e-08,72.0,180000.0
Luannan Huarui Steel Co Ltd,39.51833,118.715766,5100.0,1,8.871998586717665e-07,36.0,183600.0
Lucheng Xingbao Iron & Steel Co Ltd,36.332449,113.15509,3800.0,1,3.7691897452050185e-07,36.0,136800.0
Luoyang Luogang Group of Steel and Iron Co Ltd,34.798477,112.580505,1700.0,1,3.117883181177316e-07,36.0,61200.0
Luzhou Xinyang Vanadium Titanium Steel Co Ltd,28.851779,105.70509,4000.0,1,2.7964466024317834e-07,36.0,144000.0
Lvliang Jianlong Industrial Co Ltd,37.47311,112.06093,9400.0,1,6.167552055288684e-07,144.0,338400.0
MK Azovstal' PrAT,47.094724,37.596862,13200.0,1,,0.0,13200.0
MMK Metalurji Sanayi Ticaret ve Liman Isletmeciligi AŞ,36.768975,36.213842,5000.0,1,,0.0,5000.0
MSP Steel & Power Ltd,21.87673,83.554495,1173.0,1,2.2485058098341517e-07,72.0,42228.0
MZ Balakovo JSC,51.936009,47.81591,5500.0,1,,0.0,5500.0
Maanshan Iron & Steel Co Ltd,31.698884,118.468194,41600.0,1,6.967730713499705e-07,144.0,1497600.0
Maegma Minerals,4.2405829,100.5949428,0.0,1,,0.0,0.0
Maghreb Steel SA,33.592793,-7.475613,2400.0,1,,0.0,2400.0
Magnitogorskiy Metallurgicheskiy Kombinat PJSC,53.427593,59.054122,29000.0,1,,0.0,29000.0
Makran Steel Co,25.4483977,60.6408488,6400.0,1,,0.0,6400.0
Makstil AD,42.016228,21.46605,1100.0,1,,0.0,1100.0
Malaysia Steel Works (KL) Bhd,3.077835,101.46448,2300.0,1,,0.0,2300.0
Marcegaglia Holding SpA,43.445004,4.846805,2400.0,1,,0.0,2400.0
Marcegaglia Stainless Sheffield Ltd,53.399598,-1.395818,2000.0,1,,0.0,2000.0
Mariupolskyi Metalurgiinyi Kombinat Imeni Illicha PRAT,47.1402768,37.5943416,8598.0,1,,0.0,8598.0
Mass Iraq Iron and Steel Industry Co,35.660125,45.039062,2500.0,1,,0.0,2500.0
Matesi,8.300159,-62.780136,0.0,1,,0.0,0.0
Max Aicher GmbH & Co KG,48.886028,21.82705,1240.0,1,,0.0,1240.0
Megasa Siderurgica SL,43.51421,-8.163839,1400.0,1,,0.0,1400.0
Megasider Zaragoza SA,41.56988,-0.856566,1000.0,1,,0.0,1000.0
Megasteel Sdn Bhd,2.8072653,101.6055808,6400.0,1,,0.0,6400.0
Meghna Re-rolling and Steel Mills Ltd,23.585487,90.648875,2800.0,1,,0.0,2800.0
Meranti Steel Pte Ltd,12.694465,101.148937,5000.0,1,,0.0,5000.0
Mesabi Mining LLC,47.383441,-93.219413,0.0,1,,0.0,0.0
Mescier Demir Celik AŞ,41.565932,32.427758,2000.0,1,,0.0,2000.0
Mesco Kalinga Steel Ltd,20.976277,86.044419,7000.0,1,5.618185525378471e-07,72.0,252000.0
Metalfer Steel Mill Sremska Mitrovica doo,44.977213,19.64601,1000.0,1,,0.0,1000.0
Metallus Inc,40.766927,-81.418129,4396.0,2,,0.0,4396.0
Metinvest Holding LLC,44.97080966666667,17.46940533333333,15000.0,2,,0.0,15000.0
Mianeh Steel,37.37881,47.736689,1600.0,1,,0.0,1600.0
Mikhailovsky HBI LLC,52.360448,35.397314,0.0,1,,0.0,0.0
Millcon Steel PCL,12.819544,101.152954,1600.0,1,,0.0,1600.0
Mindong Saiqi Economic Development Zone Fuhua Steel Rolling Co Ltd,26.961516,119.654272,2650.0,1,3.856811079490589e-07,72.0,95400.0
Mintal Group Co Ltd,41.7915,109.865367,0.0,1,,36.0,0.0
Minyuan Iron and Steel Group Co Ltd,34.013369,116.422599,8700.0,1,4.523883534336501e-07,108.0,313200.0
Mitsui-Kobe Steel JV,19.529594,57.61573,0.0,1,,0.0,0.0
Mobarakeh Steel Co,30.226278999999998,53.23319719999999,31200.0,4,,0.0,31200.0
Moldova Steel Works JSC,47.783771,29.02835,2000.0,1,,0.0,2000.0
Mono Steel (India) Ltd,23.312265,70.201953,770.0,1,8.962831045834356e-08,36.0,27720.0
Moon Iron and Steel Company SAOC,24.409437,56.520134,2400.0,1,,0.0,2400.0
Mount Zynai 0304 Mining Corp,7.716994,122.998671,1500.0,1,,0.0,1500.0
Mughal Iron & Steel Industries Ltd,31.653035,74.183149,583.0,1,,0.0,583.0
Myanmar Economic Corp,21.179138433333335,95.92732926666667,800.0,2,,0.0,800.0
NLMK Indiana LLC,41.625912,-87.159989,1540.0,1,,0.0,1540.0
NMDC Steel Ltd,17.13973905,79.5432955,12000.0,2,2.2950899445077135e-07,72.0,432000.0
NR Ispat and Power Pvt Ltd,22.013086,83.330372,712.0,1,1.7912017299304917e-07,108.0,25632.0
Nakayama Steel Products Co Ltd,34.699762,135.430119,1200.0,1,,0.0,1200.0
Nakayama Steel Works Ltd,34.628162,135.459688,1200.0,1,,0.0,1200.0
Nanjing Iron & Steel Co Ltd,32.200797,118.746315,20000.0,1,1.5868716956525312e-06,36.0,720000.0
Nanyang Hanye SPECIAL STREET Co Ltd,33.269324,111.534635,6000.0,1,1.2320396879928076e-07,36.0,216000.0
Natanz Steel Co,33.428593,51.982273,3698.0,1,,0.0,3698.0
National Steel Co,26.244786,49.969064,2000.0,1,,0.0,2000.0
National Steel Complex Ltd,24.789621,67.353238,2560.0,1,,0.0,2560.0
Neelachal Ispat Nigam Ltd,20.998641,86.01910200000002,19000.0,1,2.0793958581312066e-07,108.0,684000.0
Nervacero SA,43.30806,-3.026309,2000.0,1,,0.0,2000.0
New Zealand Steel Ltd,-37.206878,174.72809799999996,2640.0,1,,0.0,2640.0
Neyriz Ghadir Steel Co,29.168087,54.621487,2000.0,1,,0.0,2000.0
Nghi Son VAS Group JSC,19.326924,105.777449,4150.0,1,,0.0,4150.0
Nilachal Iron & Power Ltd,22.874863,86.063646,299.0,1,6.420884583109269e-07,144.0,10764.0
Ningbo Haoyang New MATERIALS Techonology Co Ltd,30.267113,121.052503,1000.0,1,4.2094888578827946e-07,15.0,15000.0
Ningbo Iron & Steel Co Ltd,29.918776,121.876423,7998.0,1,5.858621752038594e-07,66.0,263934.0
Ningxia Boyu Hongxing Special Steel Group Co Ltd,39.273832,106.75146,3040.0,1,5.584066396687916e-07,36.0,109440.0
Ningxia Iron and Steel (Group) Co Ltd,37.503054,105.078348,3600.0,1,8.688175467893451e-08,72.0,129600.0
Ningxia Jianlong Special Steel Co Ltd,39.215452,106.688294,7000.0,1,5.5593254873984684e-08,36.0,252000.0
Ningxia Xinghua Iron and Steel Co Ltd,39.309571,106.79093,3000.0,1,1.5889030466246807e-07,36.0,108000.0
Nippon Steel Corp,35.08683911764706,135.38366247058823,107332.0,10,,0.0,107332.0
Nippon Steel Stainless Steel Corp,34.02755966666667,131.82994833333333,3598.0,2,,0.0,3598.0
North American Stainless Inc,38.725418,-85.076015,3200.0,1,,0.0,3200.0
North Star BlueScope Steel Ltd,41.568783,-84.048129,6068.0,1,,0.0,6068.0
Novolipetsk Steel PJSC,52.557372,39.629574,28800.0,1,,0.0,28800.0
Novorossiysk Rolling Plant LLC,47.740457,40.189445,2000.0,1,,0.0,2000.0
Nu-Iron Unlimited,10.399138,-61.486326,0.0,1,,0.0,0.0
Nucor Corp,36.997487030769236,-88.82675283076924,42774.0,13,,0.0,42774.0
Nucor Steel Decatur LLC,34.63963,-87.085738,6200.0,1,,0.0,6200.0
Nucor Steel Kankakee Inc,41.180734,-87.856196,1588.0,1,,0.0,1588.0
Nucor Steel Kingman LLC,35.143192,-114.089568,1144.0,1,,0.0,1144.0
Nucor Steel Louisiana LLC,30.076693,-90.859953,0.0,1,,0.0,0.0
Nucor Steel Memphis Inc,35.048395,-90.163033,1782.0,1,,0.0,1782.0
Nucor Steel Seattle Inc,47.569597,-122.367395,1710.0,1,,0.0,1710.0
Nucor Steel Tuscaloosa Inc,33.234761,-87.508498,2400.0,1,,0.0,2400.0
Nucor Yamato Steel Co,35.941421,-89.713819,6348.0,1,,0.0,6348.0
ORI Martin - Acciaieria e Ferriera di Brescia SpA,45.566054,10.2147,1300.0,1,,0.0,1300.0
Optimus Steel LLC,30.08201,-94.074694,1500.0,1,,0.0,1500.0
Orissa Metaliks Pvt Ltd,22.197437166666663,86.19023366666666,6265.0,3,1.0984382961588254e-06,216.0,225540.0
Orissa Metallurgical Industry Pvt Ltd,21.869228,84.013348,2000.0,1,5.689952463411907e-07,36.0,72000.0
Orissa Sponge Iron and Steel Ltd,21.801994,85.56751,701.0,1,1.7577253219195036e-07,72.0,25236.0
Orissa Steel & Power Pvt Ltd,22.3591,87.017184,2264.0,1,1.993459208221673e-07,36.0,81504.0
Osaka Steel Co Ltd,34.59822,135.45439,6900.0,1,,0.0,6900.0
Oskol'skiy Elektrometallurgicheskiy Kombinat Imeni Alekseya Alekseyevicha Ugarova JSC,51.142738,37.940532,9400.0,1,,0.0,9400.0
Outokumpu Stainless AB,62.957968,20.17464,3400.0,2,,0.0,3400.0
Outokumpu Stainless USA LLC,31.148179,-87.98866,2000.0,1,,0.0,2000.0
Ovako AB,60.849074,22.550794500000002,2150.0,2,,0.0,2150.0
Ozkan Demir Celik Sanayi AŞ,38.737005,26.950824,2400.0,1,,0.0,2400.0
Ozmert Algeria SARL,,,1600.0,1,,,
POSCO Holdings Inc,35.573620399999996,128.7361648,91400.0,2,,0.0,91400.0
POSCO Holdings Inc; JSW Steel Ltd,20.248632,86.156416,36000.0,1,6.041066935479548e-07,36.0,1296000.0
PT Gunung Raja Paksi Tbk,-3.7288722,107.19389860000001,12000.0,3,,0.0,12000.0
PT Jakarta Prima Steel Industries,-6.181643,106.932331,1800.0,1,,0.0,1800.0
PT Krakatau Posco,-5.998661,105.99866,12000.0,1,,0.0,12000.0
PT Krakatau Steel (Persero) Tbk,-6.007020999999999,106.00176600000002,16000.0,1,,0.0,16000.0
PT Mandan Steel,-3.339296,115.927125,2000.0,1,,0.0,2000.0
PT The Master Steel MFG,-6.18421,106.920067,3000.0,1,,0.0,3000.0
Pakistan Steel Mills Corp Pvt Ltd,24.809977,67.35244,6000.0,1,,0.0,6000.0
Pan Gang Group Sichuan Changcheng Special Steel Co Ltd,31.763517,104.761441,1338.0,1,1.795164737684622e-06,36.0,48168.0
Pangang Group Xichang Steel and Vanadium Co Ltd,27.74799,102.20517,7800.0,1,2.8236927007357747e-07,36.0,280800.0
Panhua Group Co Ltd,7.196608,124.917231,24000.0,2,,0.0,24000.0
Panzhihua Steel Group Panzhihua Steel Vanadium Co Ltd,26.565265,101.673737,11800.0,1,9.122569973439138e-07,36.0,424800.0
Pasargad Steel Complex Co,29.191019,52.845405,3000.0,1,,0.0,3000.0
Pavgord doo,44.224446,17.899815,3880.0,1,,0.0,3880.0
Peiner Traeger GmbH,52.313935,10.258482,2000.0,1,,0.0,2000.0
Perfect Channel Sdn Bhd,5.778871,100.49907,1500.0,1,,0.0,1500.0
Persian Gulf Saba Steel,27.189076,56.10563299999999,9000.0,1,,0.0,9000.0
Perwaja Steel Sdn Bhd,4.264364,103.461728,3000.0,1,,0.0,3000.0
Pomina Steel JSC,10.589305,107.0429075,3000.0,2,,0.0,3000.0
Port Hedland Iron Pty Ltd,-20.395832,118.537975,0.0,1,,0.0,0.0
Posco (Zhangjiagang) Stainless Steel Co Ltd,31.980237,120.571455,2200.0,1,2.5539150176401155e-07,25.0,55000.0
Posco Vietnam Co Ltd,10.560316,107.02684,2000.0,1,,0.0,2000.0
Prakash Industries Ltd,22.004694,82.671666,1190.0,1,2.8173399187663627e-07,36.0,42840.0
Prakash Sponge Iron and Power Pvt Ltd,14.152912,76.665824,1069.0,1,1.1507194859457501e-07,72.0,38484.0
Premium Steel and Mines Ltd,5.480763,5.769839,2000.0,1,,0.0,2000.0
Promsort LLC,55.41335566666667,44.77105233333333,11000.0,3,,0.0,11000.0
Qatar Steel Company QPSC,24.952688,51.584777,7000.0,1,,0.0,7000.0
QazSpetsSteel LLC,50.286408,57.168382,800.0,1,,0.0,800.0
Qazaqstan Steel Group LLP,50.031766,72.994863,12000.0,1,,0.0,12000.0
Qeshm Steel Development Co,26.826494,55.957708,6000.0,1,,0.0,6000.0
Qian'an City Jiujiang Wire Co Ltd,39.952209,118.559444,21074.0,1,1.945621232461668e-07,144.0,758664.0
Qian'an Zhayi Steel Group Co Ltd,40.044026,118.552001,6000.0,1,2.664273431556817e-07,72.0,216000.0
Qianxinan Prefecture Juxin Industry & Trade General Co,25.150857,105.041722,1980.0,1,1.6493587224022008e-07,72.0,71280.0
Qingdao Special Iron and Steel Co Ltd,35.6296,119.722335,8200.0,1,1.1494178770758703e-07,72.0,295200.0
Qinhuangdao Baigong Steel Co Ltd,39.748773,118.819472,6020.0,1,4.907487401227802e-07,72.0,216720.0
Qinhuangdao Hongxing Iron & Steel Co Ltd,39.700721,118.871477,14100.0,1,2.509860601949383e-07,72.0,507600.0
Quzhou Yuanli METAL Products Co Ltd,28.893407,118.867125,16900.0,1,3.8903599821081007e-07,108.0,608400.0
Rajhi Steel Industries Co Ltd,21.290402,39.183444,1700.0,1,,0.0,1700.0
Ramsarup Industries Ltd,22.977477000000004,88.457443,1380.0,1,7.17208849535204e-07,108.0,49680.0
Rashmi Green Hydrogen Steel Pvt Ltd,22.331489,87.398085,5200.0,1,7.585563034057865e-07,72.0,187200.0
Rashmi Metaliks Ltd,22.809223666666668,87.22320133333334,5830.0,2,6.654527578798944e-07,108.0,209880.0
Rashtriya Ispat Nigam Ltd,17.612846,83.191918,14604.0,1,5.347019063487771e-07,33.0,481932.0
Republic Steel Corp,41.127235999999996,-81.7325635,3454.0,2,,0.0,3454.0
Rio Tinto Iron and Titanium Canada Inc,46.044367,-73.138474,1200.0,1,,0.0,1200.0
Riva Acciaio SpA,44.993105,8.4902225,2760.0,2,,0.0,2760.0
Riva Industries,33.165438,-8.5883,1600.0,1,,0.0,1600.0
Rizhao Steel Holding Group Co Ltd,35.16535,119.366672,46700.0,1,3.638056928535876e-07,180.0,1681200.0
Rizhao Steel Yingkou Medium Plate Co Ltd,40.671136,122.395441,11000.0,1,8.828683902689798e-08,108.0,396000.0
Rockcheck Steel Group Co Ltd,38.970638,117.495794,11500.0,1,7.361789335794348e-07,144.0,414000.0
Rungta Mines Ltd,21.83438116666667,85.43627400000001,23278.52,5,2.304509811762847e-07,432.0,838026.7199999999
S.C. Silcotub SA,44.217275,27.29968,1070.0,1,,0.0,1070.0
SGIS Songshan Co Ltd,24.708232,113.635898,17396.0,1,9.827476704278078e-08,36.0,626256.0
SIJ Acroni doo,46.423994,14.094645,1452.0,1,,0.0,1452.0
SMS Group GmbH,26.787872,30.572474,0.0,1,,0.0,0.0
SN MAIA Siderurgia Nacional SA,41.255085,-8.555285,1200.0,1,,0.0,1200.0
SN SEIXAL Siderurgia Nacional SA,38.616023,-9.068527,2200.0,1,,0.0,2200.0
SSAB AB,63.33185099999999,21.39310814285714,26026.0,3,,0.0,26026.0
SSAB Americas Holding AB,37.968600333333335,-89.88475966666665,4900.0,2,,0.0,4900.0
SUE DPR UMP,47.982276,37.810634,2000.0,1,,0.0,2000.0
Saarstahl AG,49.631147,5.753012000000001,11740.0,2,,0.0,11740.0
Sabzevar Pars Steel Complex,36.58952,57.571719,1600.0,1,,0.0,1600.0
Salzgitter Flachstahl GmbH,52.16179400000001,10.409371,14200.0,1,,0.0,14200.0
Sam Montereau SAS,48.387211,2.981091,1440.0,1,,0.0,1440.0
Sansteel Minguang Co Ltd Fujian,26.261109,117.614709,13598.0,1,2.396453581499669e-06,72.0,489528.0
Sanyo Special Steel Co Ltd,34.788074,134.672046,3192.0,1,,0.0,3192.0
Sarmad Iron and Steel Complex Abarkouh,31.222989,53.392728,1200.0,1,,0.0,1200.0
Saudi Arabian Oil Co,27.502597,49.180369,3000.0,1,,0.0,3000.0
Saudi Iron and Steel Co,27.018411,49.576356,12000.0,1,,0.0,12000.0
Scaw Metals Group Pty Ltd,-26.273316,28.163761,1200.0,1,,0.0,1200.0
SeAH Besteel Holdings Corp,35.968596,126.609524,4202.0,1,,0.0,4202.0
SeAH Changwon Integrated Special Steel Corp,35.204191,128.604277,2400.0,1,,0.0,2400.0
SeAh Steel Holdings Corp,35.991176,129.375791,2400.0,1,,0.0,2400.0
Sentuo Steel Ltd,5.670032010618004,0.0158561829466604,1600.0,1,,0.0,1600.0
Sev.en Global Investments AS,58.895638000000005,5.5152505000000005,3940.0,2,,0.0,3940.0
Severskiy Trubnyi Zavod JSC,56.478428,60.249411,1900.0,1,,0.0,1900.0
Severstal PJSC,59.143998,37.86295,24002.0,1,,0.0,24002.0
Shaanxi Hanzhong Iron & Steel Group Co,33.132446,106.657646,1400.0,1,5.523461846559097e-07,36.0,50400.0
Shaanxi Huaxin Special Steel Group Co Ltd,34.523278,109.986042,2400.0,1,7.194951647163623e-08,72.0,86400.0
Shaanxi Iron and Steel Group Co Ltd,-4.138431,104.994091,15000.0,1,,0.0,15000.0
Shaanxi LONG MEN IRON&STEEL Co Ltd,35.618466,110.575788,21100.0,1,1.9555127503634115e-07,108.0,759600.0
Shaanxi Lueyang Iron and Steel Co Ltd,33.323678,106.16720600000001,6100.0,1,4.520100240280826e-07,108.0,219600.0
Shagang Group Anyang Yongxing Iron & Steel Co Ltd,36.143573,114.149964,5200.0,1,5.512143937759e-07,144.0,187200.0
Shakambhari Ispat & Power Ltd,23.613861,86.789527,531.0,1,2.911413160271515e-07,72.0,19116.0
ShanXi TongCai Industry and Trade Co Ltd,35.694321,111.429381,11160.0,1,2.132589885850226e-07,72.0,401760.0
Shandong Chuanyang Group Co Ltd,36.894784,117.888366,5400.0,1,2.797174341182952e-07,36.0,194400.0
Shandong Guangfu Group Co Ltd,36.863145,117.616918,7920.0,1,2.840273668762887e-07,36.0,285120.0
Shandong IRON&STEEL Group Rizhao Co Ltd,35.188969,119.383723,19600.0,1,2.9443288278953465e-07,16.0,156800.0
Shandong Iron & Steel Group Yongfeng Lingang Corp,35.137061,119.068319,10800.0,1,3.278838171232846e-07,36.0,388800.0
Shandong Iron Steel Group Yongfeng Zibo Co Ltd,36.906036,118.111833,5400.0,1,6.250655520752386e-07,36.0,194400.0
Shandong Iron and Steel Co Ltd,36.08797933333333,117.83544433333334,24680.0,2,4.407338665791404e-07,108.0,888480.0
Shandong Laigang Yongfeng Steel Corp,36.7993,116.8026,5400.0,1,6.457131949695736e-07,36.0,194400.0
Shandong Longsheng Iron and Steel Co Ltd,36.891189,118.187041,4000.0,1,5.304023497318884e-07,36.0,144000.0
Shandong Luli Steel Co Ltd,36.970875,118.955444,2800.0,1,2.7090875580086205e-07,36.0,100800.0
Shandong Minyuan Steel & Iron Co Ltd,36.728409,117.426582,3800.0,1,3.010004011061414e-07,36.0,136800.0
Shandong Shouguang Juneng SPECIAL Steel Co Ltd,36.939125,118.785598,5700.0,1,3.722592956278969e-07,36.0,205200.0
Shandong Taishan Steel Group Co Ltd,36.22141,117.627728,11580.0,1,1.4835980955120897e-06,72.0,416880.0
Shandong Xinhua Special Steel Group Co Ltd,36.256175,116.179833,5400.0,1,2.2148942823775272e-07,36.0,194400.0
Shangang Group Hanzhong Iron & Steel Co Ltd,33.133192,106.671859,6000.0,1,5.523461846559098e-07,36.0,216000.0
Shanghai Meishan Iron & Steel Co Ltd,31.902969,118.61667,15200.0,1,2.53506677353661e-07,36.0,547200.0
Shanxi Changxin Industry Co Ltd,36.326589,113.117181,5990.0,1,3.6459586494696754e-07,72.0,215640.0
Shanxi Dongfang Hengliu Precision Casting Co,36.080051,111.647754,2400.0,1,3.8119518057317786e-07,36.0,86400.0
Shanxi Gaoyi Steel Co Ltd,35.586841,111.258436,5400.0,1,1.2864528304741952e-06,72.0,194400.0
Shanxi HONGDA Iron and Steel Group Co Ltd,35.701895,110.786826,9000.0,1,2.836405417212079e-07,108.0,324000.0
Shanxi HUAQIANG Iron and Steel Co Ltd,35.670848,111.378887,0.0,1,,36.0,0.0
Shanxi Jianlong Industrial Co Ltd,35.417405,111.303919,9500.0,1,5.051242428495062e-07,144.0,342000.0
Shanxi Jinnan Iron and Steel Group Co Ltd,35.678541,111.51465,12800.0,1,2.2276936094525315e-07,72.0,460800.0
Shanxi Liheng Iron and Steel Co Ltd,35.701541,111.42671,14000.0,1,2.1325898858502258e-07,36.0,504000.0
Shanxi Meijin Iron and Steel Co Ltd,37.960669333333335,112.38288933333335,9580.0,2,3.784131539849977e-07,108.0,344880.0
Shanxi Taigang Stainless Steel Co Ltd,37.931488,112.539321,24920.0,1,1.248761356491147e-06,36.0,897120.0
Shanxi Tongde Xinghua Special Steel Co Ltd,40.183517,113.305462,5000.0,1,8.238271735905194e-08,36.0,180000.0
Shanxi Xintai Iron & Steel Co Ltd,37.075017,111.985148,6000.0,1,3.2483763886370975e-07,144.0,216000.0
Shanxi Zhongsheng Iron and Steel Co Ltd,35.727776,111.330122,6700.0,1,1.378275206413866e-07,108.0,241200.0
Shanxi Zhongyang Iron & Steel Co Ltd,37.370796,111.161118,9900.0,1,3.2188216988191e-07,72.0,356400.0
Shengli Vietnam Special Steel Co Ltd,20.652657,106.440208,1600.0,1,,0.0,1600.0
Shiheng SPECIAL Steel Group Co Ltd,36.229201,116.533981,13720.0,1,3.4667157879351854e-07,72.0,493920.0
Shijiazhuang Iron and Steel Co Ltd,38.067871499999995,114.2967005,8320.0,2,3.941575838553967e-06,72.0,299520.0
Shiu Wing Steel Ltd,22.369498,113.926095,1400.0,1,,0.0,1400.0
Shiyan Fuyan Iron and Steel Co Ltd,32.650367,110.654794,1200.0,1,5.27512852998433e-07,36.0,43200.0
Shougang Changzhi IRON& Steel Co Ltd,36.356404,113.060809,7200.0,1,3.760174606588738e-07,36.0,259200.0
Shougang Guiyang SPECIAL Steel Co Ltd,26.873592,106.73215,1200.0,1,1.6081833159215032e-07,36.0,43200.0
Shougang Jingtang United Iron & Steel Co Ltd,38.953664,118.50339,27400.0,1,1.886676044118322e-09,30.0,822000.0
Shougang Shuicheng Iron & Steel (Group) Co Ltd,26.595229,104.877413,7002.0,1,6.902754248308117e-07,36.0,252072.0
Shri Bajrang Power and Ispat Ltd,21.48619,81.771697,2700.0,1,2.2718398414098397e-07,72.0,97200.0
Shyam Metalics and Energy Ltd,22.6870465,85.5822505,5005.0,2,2.2244134227682902e-07,144.0,180180.0
Shyam Steel Industries Ltd,23.590212,86.724603,2660.0,1,4.0429506668702e-07,72.0,95760.0
Shyam Steel Manufacturing Ltd,23.564157,87.089552,814.0,1,3.442741750951311e-07,72.0,29304.0
Shyeh Sheng Fuat Steel & Iron Works Co Ltd,22.559391,120.3656132,1440.0,1,,0.0,1440.0
Siam Yamato Steel Co Ltd,12.69077,101.12935250000001,2200.0,2,,0.0,2200.0
Sichuan Dazhou Iron & Steel Group Co Ltd,31.18945,107.453099,9800.0,1,2.543057319179278e-06,72.0,352800.0
"Sichuan De Sheng Group, Vanadium and Titanium Co Ltd",29.39798,103.542532,6000.0,1,3.278630361310639e-07,72.0,216000.0
Sichuan Gangchen Stainless Steel Co Ltd,29.501044,103.607365,1200.0,1,2.780415405453985e-07,36.0,43200.0
Sichuan Shehong Chuanzhong Construction Materials Co Ltd,30.830726,105.367695,1100.0,1,1.3338499062668624e-06,36.0,39600.0
Sichuan Shengquan Iron and Steel Group Co Ltd,31.255961,104.190612,3000.0,1,3.201834673349828e-07,36.0,108000.0
Sichuan Ya'an Anshan Iron and Steel Co Ltd,30.059133,102.625907,1660.0,1,4.537015812969968e-09,36.0,59760.0
Sidenor Aceros Especiales SLU,43.227282,-2.884676,1480.0,1,,0.0,1480.0
Sidenor Steel Industry SA,40.704458,22.816542,1600.0,1,,0.0,1600.0
Siderca SAIC,-34.152554,-58.977388,4500.0,1,,0.0,4500.0
Siderpotenza SpA,40.639356,15.827842,1400.0,1,,0.0,1400.0
Siderurgica Norte Brasil SA,-5.414287,-49.081305,1950.0,1,,0.0,1950.0
Siderurgica Sevillana SA,37.362968,-5.886865,2600.0,1,,0.0,2600.0
Siderurgica del Orinoco Alfredo Maneiro CA,8.259073,-62.841126,10200.0,1,,0.0,10200.0
Sin Yuan Steel LLP,42.272259,69.7261,500.0,1,,0.0,500.0
Sinosteel Corp Ltd,0.461697,37.991283,1000.0,1,,0.0,1000.0
Sipar Aceros SA,-32.9912336,-60.7588733,1300.0,1,,0.0,1300.0
Sirjan Jahan Steel Co,29.13806,55.375073,5000.0,1,,0.0,5000.0
Societe des Aciers d'Armature pour le Beton SAS,48.611482,6.111864,1700.0,1,,0.0,1700.0
Sohar Steel LLC,24.499869,56.599111,1400.0,1,,0.0,1400.0
Solb Steel Co,17.298475,42.352338,2400.0,1,,0.0,2400.0
Sonangol EP; Tosyali Iron and Steel Angola SA,-15.263743,16.065494,2000.0,1,,0.0,2000.0
Southern Steel Bhd,5.399453,100.382177,2800.0,1,,0.0,2800.0
Sovel SA,39.169632,22.840216,2700.0,1,,0.0,2700.0
Stahl Gerlafingen AG,47.171958,7.562287,1440.0,1,,0.0,1440.0
Stahlwerk Thueringen GmbH,50.654574,11.43745,2200.0,1,,0.0,2200.0
Star Infrastructure Development Corp,22.774191,91.574601,4000.0,1,,0.0,4000.0
State Company for Iron and Steel (Iraq),30.2471634,47.832418,1000.0,1,,0.0,1000.0
StavStal' LLC,44.688323,41.927331,1000.0,1,,0.0,1000.0
Steel Authority of India Ltd,22.55820757142857,85.23078564285716,104342.0,7,1.5130908319027025e-06,504.0,3756312.0
Steel Dynamics Inc,36.856681333333334,-87.13497016666668,25124.0,6,,0.0,25124.0
SteelAsia Manufacturing Corp,13.440132084864857,121.69967137300749,22600.0,7,,0.0,22600.0
Stegra AB,57.35815933333333,13.256359999999999,10000.0,2,,0.0,10000.0
Sterling Steel Co LLC,41.785971,-89.710947,3396.0,1,,0.0,3396.0
Stomana Industry AD,42.595629,23.093095,2800.0,1,,0.0,2800.0
Stoylenskiy Gorno-Obogatitel'nyi Kombinat JSC,51.243964,37.783498,0.0,1,,0.0,0.0
Suez Steel Company SAE,29.923176,32.466587,4200.0,1,,0.0,4200.0
Sulb Company BSCC,26.198152,50.679893,2530.0,1,,0.0,2530.0
Sun Metal Casting LLC,22.632992,59.416971,5000.0,1,,0.0,5000.0
Sunflag Iron and Steel Co Ltd,21.232929,79.632398,1550.0,1,1.7499504011059452e-07,72.0,55800.0
Surjagad Ispat Pvt Ltd,19.487201,79.968551,2000.0,1,3.873335479807384e-08,36.0,72000.0
Swadesh Metallics Pvt Ltd,21.625706,81.705254,600.0,1,2.2398769366183198e-07,36.0,21600.0
Swiss Steel Holding AG,47.308055,7.873594,1300.0,1,,0.0,1300.0
Sıddık Kardeşler Haddecilik Sanayi Ticaret LŞ,40.800833,29.512008,1380.0,1,,0.0,1380.0
TANG Shan Iron and Steel Group Co Ltd,39.648587,118.212487,13680.0,1,5.760850039674092e-06,36.0,492480.0
TRINECKÉ ZELEZÁRNY AS,49.689053,18.654557,10800.0,1,,0.0,10800.0
TT Iron Steel Company Ltd,10.403605,-61.482939,2000.0,1,,0.0,2000.0
TY Steel Co Ltd,12.857307,101.21314,1200.0,1,,0.0,1200.0
Taganrogskiy Metallurgicheskiy Zavod JSC,47.241557,38.928584,1900.0,1,,0.0,1900.0
Talleres y Aceros SA de CV,18.869272,-97.047263,3300.0,1,,0.0,3300.0
Tangshan Chunxing Special Steel Co Ltd,39.676326,118.427914,4800.0,1,6.686949544072744e-08,36.0,172800.0
Tangshan DELONG Steel Co Ltd,39.19256,118.899533,3840.0,1,1.4598126262559806e-07,32.0,122880.0
Tangshan Donghai Iron and Steel Group Co Ltd,39.748373,118.624794,10998.0,1,3.0132779456648473e-07,144.0,395928.0
Tangshan Donghua Iron & Steel Enterprise Group Co Ltd,39.468366,118.256774,18200.0,1,2.0196287885454687e-07,144.0,655200.0
Tangshan Fengnan District Jing'an Iron and Steel Co Ltd,39.600956,118.358726,11650.0,1,1.618193285170489e-07,108.0,419400.0
Tangshan GUOYI SPECIAL Steel Co Ltd,39.659153,118.411488,8100.0,1,7.711016759815369e-07,36.0,291600.0
Tangshan Ganglu Iron & Steel Co Ltd,40.183913,118.073913,19502.0,1,1.4742413010993985e-07,144.0,702072.0
Tangshan Guotang Steel Co Ltd,39.293147,119.046972,6000.0,1,1.405333072969978e-07,36.0,216000.0
Tangshan Heavy Plate Co Ltd,39.268452,119.024819,8400.0,1,1.5518912118232468e-07,36.0,302400.0
Tangshan Jianlong Steel SPECIAL Steel Co Ltd,40.167686,117.964004,3400.0,1,5.303910882722574e-07,36.0,122400.0
Tangshan Jinma Iron & Steel Group Co Ltd,39.700499,118.456775,4800.0,1,6.686949544072744e-08,36.0,172800.0
Tangshan RUIFENG Steel and Iron (GROUP) Co Ltd,39.497472,118.272056,9000.0,1,2.3481497148673849e-07,36.0,324000.0
Tangshan Songting IRON&STEEL Co Ltd,39.938866,118.576678,10000.0,1,2.1274555003804748e-07,72.0,360000.0
Tangshan Stainless Steel Co Ltd,39.445598000000004,118.448707,8100.0,2,2.388218456856385e-07,72.0,291600.0
Tangshan Wenfeng Special Steel Co Ltd,39.146541,118.432261,4000.0,1,1.2028157479765641e-08,36.0,144000.0
Tangshan Xinbaotai Iron & Steel Co Ltd,39.861425,118.03667,6000.0,1,1.6840775026656966e-07,36.0,216000.0
Tangshan Xinglong Steel Co Ltd,39.847612,118.348448,6150.0,1,2.900024520433904e-07,108.0,221400.0
Tangshan Yutian Jinzhou Industry Co Ltd,39.967373,117.857659,1400.0,1,2.221042230055564e-07,36.0,50400.0
Tangshan Zhengfeng Steel Co Ltd,39.85271,118.181279,4878.0,1,1.324692338591256e-06,36.0,175608.0
Tanshan Iron and Steel,40.67524,129.201745,1500.0,1,,0.0,1500.0
Tata Metaliks Ltd,22.385611,87.287179,0.0,1,,36.0,0.0
Tata Steel (Thailand) PCL,12.864989999999999,101.118098,2700.0,2,,0.0,2700.0
Tata Steel BSL Ltd,20.796053,85.260382,24172.0,1,3.3739668798215994e-07,72.0,870192.0
Tata Steel Ijmuiden BV,52.484118,4.615584,27000.0,1,,0.0,27000.0
Tata Steel Long Products Ltd,22.812895,86.084022,2400.0,1,6.222578021756089e-07,36.0,86400.0
Tata Steel Ltd,19.0031595,87.975658,40940.0,4,1.3056512828633175e-06,108.0,1423440.0
Tata Steel UK Ltd,51.577368,-3.783013,16400.0,1,,0.0,16400.0
Tekhnologicheskiye Investitsii LLC,47.982276,37.810634,0.0,1,,0.0,0.0
Tembo Steels Uganda Ltd,0.611975,33.457629,900.0,1,,0.0,900.0
Ternium Argentina SA,-33.37365,-60.138697,7002.0,1,,0.0,7002.0
Ternium Brasil Ltda,-22.912549,-43.741614,10400.0,1,,0.0,10400.0
Ternium México SA de CV,24.09394525,-99.7053975,13860.0,4,,0.0,13860.0
Thai Nguyen Iron And Steel JSC,21.557484,105.8728,1600.0,1,,0.0,1600.0
Thy-Marcinelle SA,50.410335,4.429693,1600.0,1,,0.0,1600.0
Thyssenkrupp Steel Europe AG,51.491649,6.733051,22000.0,1,,0.0,22000.0
Tianjin Iron PLANT Co Ltd,36.58967,113.745792,12920.0,1,2.527375675268398e-07,108.0,465120.0
Tianjin Iron and Steel Group Co Ltd,39.031083,117.499246,13300.0,1,4.0666039688182035e-07,36.0,478800.0
Tianjin Metallurgy Group Zhasan Steel Co Ltd,38.825269,117.08849,6000.0,1,4.7505269678543374e-07,36.0,216000.0
Tianjin Pipe Corp,39.034002,117.486798,6000.0,1,4.066603968818203e-07,36.0,216000.0
Tianjin Rongcheng Group Tangshan Special Steel Co Ltd,39.551552,118.137993,2300.0,1,6.497537347628756e-07,36.0,82800.0
Tianjin Rongcheng Group Tangshan Special Steel Co Ltd; Tangshan Zhengfeng Steel Co Ltd,39.85271,118.181279,1000.0,1,1.324692338591256e-06,36.0,36000.0
Tianjin Tianfeng Steel Co Ltd,38.832642,117.102765,3600.0,1,4.750526967854337e-07,36.0,129600.0
Tianjin Tiangang UNITED SPECIAL Steel Co Ltd,39.300258,117.800231,9000.0,1,5.423963402640246e-07,72.0,324000.0
Tianjin Tianzhong Giant Heavy Industry Co Ltd,39.501442,118.719554,2700.0,1,8.871998586717665e-07,36.0,97200.0
Tokyo Steel Manufacturing Co Ltd,34.6725705,134.37419983333334,12308.0,4,,0.0,12308.0
Tonghua Iron & Steel Co Ltd,41.779125,126.022349,9180.0,1,1.1094363251822031e-07,36.0,330480.0
Tongling City Xuanli Special Steel Co Ltd,31.062807,117.956015,5400.0,1,1.2878313111673e-07,36.0,194400.0
Tongling Fuxin Iron & Steel Co Ltd,30.907561,117.772866,2700.0,1,9.770474543327562e-07,36.0,97200.0
Tongshan Liguo Iron and Steel Co Ltd,34.55486,117.327039,3400.0,1,3.5360094266750026e-07,36.0,122400.0
Topy Industries Ltd,34.719644,137.322259,1920.0,1,,0.0,1920.0
Torbat Heydarieh Steel Co,35.594882,59.205984,3000.0,1,,0.0,3000.0
Toscelik Profil ve Sac Endustrisi AS,36.8524495,36.1619905,12000.0,2,,0.0,12000.0
Tosyali Ironsteel Industry Algerie SpA,35.770912,-0.263031,12400.0,1,,0.0,12400.0
Tosyali Sulb Steel Industries Joint Company,32.12156,20.08413,5400.0,1,,0.0,5400.0
Tosyalı Holding AŞ,32.2805115,42.650332,8000.0,2,,0.0,8000.0
Triangul Metals Tebinbulak JSC,41.0954103,63.98869785,3000.0,2,,0.0,3000.0
Tubos de Acero de Mexico SA,19.182499,-96.237284,2460.0,1,,0.0,2460.0
Tung Ho Steel Enterprise Corp,24.066205,120.74815000000001,5800.0,3,,0.0,5800.0
Tung Ho Steel Vietnam Corp Ltd,10.551445,107.04368,2000.0,1,,0.0,2000.0
Tuyen Quang Iron Steel Co Ltd,21.738739,105.247545,1100.0,1,,0.0,1100.0
UMC Metals Ltd,13.275832,100.969791,1610.0,1,,0.0,1610.0
UMK-Stal LLC,58.76567466666666,62.283677666666655,2840.0,2,,0.0,2840.0
US Steel Košice sro,48.612001,21.191401,9000.0,1,,0.0,9000.0
United States Steel Corp,39.290973199999996,-85.4806782,36400.0,5,,0.0,36400.0
United Steel Industries Co KSCC,28.989306,48.128118,2400.0,1,,0.0,2400.0
Unitex Steel Mills Ltd,22.945182,91.512387,2000.0,1,,0.0,2000.0
Univers Acier,33.501325,-7.467363,2400.0,1,,0.0,2400.0
Uralskaya Stal JSC,51.214780999999995,58.353913,10100.0,1,,0.0,10100.0
Usinas Siderurgicas de Minas Gerais SA,-20.948548666666667,-43.8216,19000.0,2,,0.0,19000.0
Ussuri Capital,44.133338,28.64001,2400.0,1,,0.0,2400.0
Uttam Galva Ferous Ltd,15.184613,76.824905,12000.0,1,3.519109202709698e-07,36.0,432000.0
Uzbekskiy Metallurgicheskiy Kombinat JSC,40.233432,69.290873,7080.0,1,,0.0,7080.0
VAS Steel An Hung Tuong LLC,11.054204,106.615962,1000.0,1,,0.0,1000.0
VAS Steel Tue Minh JSC,11.113343,106.831064,1000.0,1,,0.0,1000.0
VNSTEEL Southern Steel Co Ltd,10.576597,107.028995,1100.0,1,,0.0,1100.0
Vale SA,-5.408654,-49.103539,0.0,1,,0.0,0.0
Vallourec Soluções Tubulares do Brasil SA,-20.582683,-43.971555,2000.0,1,,0.0,2000.0
Vallourec Star LP,41.125495,-80.683382,1450.0,1,,0.0,1450.0
Van Company for Industrial Investment and General Trading,36.09176,43.97415,1500.0,1,,0.0,1500.0
Van Merksteijn International BV,53.440581,6.844773,1160.0,1,,0.0,1160.0
Vardhman Special Steels Limited,30.890103,75.908673,1000.0,1,1.297110798928567e-06,36.0,36000.0
Vedanta Iron and Steel Ltd,15.526866,73.986671,0.0,1,,36.0,0.0
Viet Nhat Advanced Steel JSC,20.90553,106.628701,500.0,1,,0.0,500.0
Vietnam - Italy Steel JSC,20.946428,106.025454,1104.0,1,,0.0,1104.0
Vina Kyoei Steel Ltd Co,10.601423,107.040679,1000.0,1,,0.0,1000.0
Vina One Steel Manufacturing Corp,10.636835,106.517595,1200.0,1,,0.0,1200.0
Vina Roma Quang Tri Steel JSC,16.756559,107.329547,4500.0,1,,0.0,4500.0
Voestalpine Stahl Donawitz GmbH,47.380455000000005,15.065182,6540.0,1,,0.0,6540.0
Voestalpine Stahl GmbH,48.274023,14.33434,15200.0,1,,0.0,15200.0
Volzhskiy Trubnyi Zavod JSC,48.804332,44.79408,1800.0,1,,0.0,1800.0
Vulcan Green Steel LLC,9.082,8.6753,6000.0,1,,0.0,6000.0
Vyksunskiy Metallurgicheskiy Zavod AO,55.382815,42.188954,2800.0,1,,0.0,2800.0
WISCO Group Kunming Steel Co Ltd,24.9518675,102.37541,17100.0,2,1.1027413254157737e-07,144.0,615600.0
WISCO Group Xiangyang Heavy Equipment MATERIALS Co Ltd,32.10704,112.235621,1000.0,1,3.307117317394996e-07,36.0,36000.0
Weglokoks Stal SP zoo,50.289858,18.874414,2000.0,1,,0.0,2000.0
Weifang SPECIAL Steel Group Co Ltd,36.644469,119.238427,6000.0,1,3.5453841584950487e-07,36.0,216000.0
Welspun Corp Ltd,23.112781,70.0866885,13088.0,1,4.128230844698326e-07,108.0,471168.0
West Alborz Steel Co,36.119574,49.306253,2600.0,1,,0.0,2600.0
Wu'an Yongcheng Zhuye Co Ltd,36.660278,113.993995,1660.0,1,1.669661831989626e-07,36.0,59760.0
Wuan Mingfang Iron & Steel Co Ltd,36.710754,114.207855,5998.0,1,1.4567907278104673e-06,36.0,215928.0
Wuan Yuhua Steel Co Ltd,36.731752,114.098377,8200.0,1,2.59186717459797e-07,36.0,295200.0
Wugang Zhongjia Iron & Steel Co Ltd,33.29175,113.458011,0.0,1,,36.0,0.0
Wuhai Baogang Wanteng Iron and Steel Co Ltd,39.855971,106.886647,4000.0,1,1.6342532069431054e-07,36.0,144000.0
Wuhan Iron and Steel Co Ltd,17.832292666666667,113.74212,41814.0,2,1.7416399990052062e-06,72.0,1155304.0
Wuhan Shunle Stainless Steel Co Ltd,30.394434,114.257701,6400.0,1,4.79911534139787e-07,72.0,230400.0
Wuhu Fuxin Iron & Steel Co Ltd,31.194505,118.067833,4000.0,1,1.7238982470594555e-07,36.0,144000.0
Wuhu Xinxing Ductile Iron Pipes Co Ltd,31.229893,118.150867,4000.0,1,2.4423839351486153e-07,36.0,144000.0
Wulanhot Iron & Steel Co Ltd,46.055685,122.063282,2700.0,1,1.2903891127882263e-06,72.0,97200.0
Wuxi Xinsanzhou Special Steel Co Ltd,31.681005,120.251785,2200.0,1,1.2655630455339964e-06,72.0,79200.0
Wuyang Iron and Steel Co Ltd,33.287536,113.474328,10080.0,1,2.2135665132939898e-07,36.0,362880.0
Wuzhou Yongda Special Steel Co Ltd,23.520307,111.229981,2000.0,1,4.910591401410833e-06,36.0,72000.0
Wuzhou Yongda Steel Works Co Ltd,23.524465000000003,111.2402,9050.0,1,4.910591401410833e-06,108.0,325800.0
Xiangfen County XinJinShan Special Steel Co Ltd,35.934831,111.49707,4400.0,1,5.674159239544938e-07,72.0,158400.0
Xiangfen County Xingyuan Steel Group Co Ltd,35.880324,111.387956,4000.0,1,3.842504259207654e-07,36.0,144000.0
Xindia Steels Ltd,15.293421,76.234947,10000.0,1,1.8568130864400215e-07,36.0,360000.0
Xingtai Iron and Steel Co Ltd,37.03843033333333,114.75693866666667,10620.0,2,2.0723708236132463e-06,108.0,382320.0
Xining Special Steel Co Ltd,36.66856,101.671414,4080.0,1,5.336800432954457e-07,72.0,146880.0
Xinji AOSEN Steel Group Co Ltd,37.752351,115.184798,7200.0,1,2.7285743428490983e-07,72.0,259200.0
Xinjiang Bayi Steel Southern Xinjiang Steel Baicheng Co Ltd,11.56703,104.863893,6200.0,1,,0.0,6200.0
Xinjiang Da'an Special Steel Co Ltd,42.700465,93.542466,2000.0,1,1.4942160491122836e-08,36.0,72000.0
Xinjiang Ka Steel Group Co,39.142997,76.161589,2000.0,1,5.1494458292295246e-08,36.0,72000.0
Xinjiang KingTec Steel Co Ltd,42.674192,86.280156,4002.0,1,4.1809378052495134e-10,72.0,144072.0
Xinjiang Kunyu Lron & Steel Co Ltd,44.404189,84.966753,1500.0,1,6.220978948471999e-08,72.0,54000.0
Xinjiang Minxin Iron and Steel (Group) Minhang Special Steel Co Ltd,44.080866,88.417209,2220.0,1,1.1685816251240984e-08,36.0,79920.0
Xinjiang Xin'an Special Steel Co Ltd,44.290299,86.595826,3100.0,1,1.8937509664406774e-09,72.0,111600.0
Xinjiang Yili Iron and Steel Co Ltd,43.526808,83.294323,2000.0,1,3.311833976546946e-08,36.0,72000.0
Xinxing Ductile Iron Pipes Xinjiang Co Ltd,42.333321,86.302481,5500.0,1,1.0775733268208175e-07,108.0,198000.0
"Xinyang Iron & Steel Co.,ltd of Angang Group",32.488704,114.038243,7200.0,1,1.1951171356264223e-07,144.0,259200.0
Xinyu Iron & Steel Corp Ltd,27.786859,114.921595,24002.0,1,2.1550349732338876e-06,144.0,864072.0
Xiwang METAL Science Technology Co Ltd,36.928208,117.694654,7200.0,1,2.3361594832953726e-07,36.0,259200.0
Xuan Thien Group JSC,20.238415,106.1449115,19000.0,2,,0.0,19000.0
Xuanhua Iron and Steel Group Co Ltd,40.589591,115.090889,12000.0,1,8.853198592389453e-07,36.0,432000.0
Xuzhou Baofeng Special Steel Co Ltd,34.364872,117.322633,3400.0,1,3.23698413643874e-07,36.0,122400.0
Xuzhou Jinhong Iron and Steel Group Co Ltd,34.500122,116.908897,4000.0,1,4.1433847510895815e-07,72.0,144000.0
Xuzhou TaiFa Special Steel Technology Co Ltd,34.448514,117.271876,3400.0,1,2.102074087478617e-07,36.0,122400.0
YK Steel Corp,36.0009625,127.81632,3860.0,2,,0.0,3860.0
Yamato Steel Co Ltd,34.783319,134.604616,1400.0,1,,0.0,1400.0
Yancheng Lianxin Steel Co Ltd,33.211332,120.77489199999998,7900.0,1,2.8998671001964052e-08,48.0,126400.0
Yangchun New Iron & Steel Co Ltd,22.084904,111.642187,4800.0,1,1.1966031539087334e-07,36.0,172800.0
Yangzhou Hengrun Ocean Heavy Industry Co Ltd,32.249602,119.620438,6600.0,1,1.6657743918309912e-07,36.0,237600.0
Yangzhou Qinyou Special Metal Materials Co Ltd,32.838703,119.425236,4800.0,1,2.1185596720467794e-07,36.0,172800.0
Yantai Walsin Stainless Steel Co Ltd,37.548627,121.277488,2800.0,1,1.0737750882154386e-06,36.0,100800.0
Yazdani Steel and Power Ltd,20.928285,86.036604,1190.0,1,2.5978648098061657e-07,72.0,42840.0
Yazici Demir Celik Sanayi ve Turizm Ticaret AŞ,36.685932,36.206275,2100.0,1,,0.0,2100.0
Yenakiieve Metallurgical Plant Branch PJSC,48.220502,38.228626,6600.0,1,,0.0,6600.0
Yesilyurt Demir Celik Endustri Ve Liman Isletmeleri AŞ,41.241199,36.442055,2600.0,1,,0.0,2600.0
Yichang Fulong Iron & Steel Co Ltd,30.586332,111.398846,1200.0,1,2.1651142065970599e-07,36.0,43200.0
Yieh United Steel Corp,22.830857,120.300604,2000.0,1,,0.0,2000.0
Yildizlar Yatirim Holding AŞ,40.870333,29.55767,8000.0,1,,0.0,8000.0
Yingkou Iron & Steel Co Ltd,40.664651,122.415057,5600.0,1,8.828683902689797e-08,36.0,201600.0
Yun County Rongfeng Rolling Mill Factory,32.738598,110.793269,1400.0,1,4.792896704651962e-07,36.0,50400.0
YunNan Province Tiangao Nickel Alloy Co Ltd,24.80128,104.063455,5000.0,1,1.2990231052461645e-07,144.0,180000.0
Yunnan Desheng Steel Co Ltd,25.142516,102.077727,6840.0,1,1.2294964097449723e-07,144.0,246240.0
Yunnan Jingye Steel Co,25.023852,102.312086,3400.0,1,4.927932511177917e-08,36.0,122400.0
Yunnan Qujing Iron and Steel Group Chenggang Iron and Steel Co Ltd,25.45543,103.547242,5200.0,1,1.395732191338999e-07,72.0,187200.0
Yunnan Qujing Iron and Steel Group Co Ltd,26.275342,104.168311,2800.0,1,1.6508670036100605e-07,36.0,100800.0
Yunnan Qujing Iron and Steel Group Yanggang Iron and Steel Co Ltd,25.308777,103.876391,2800.0,1,1.4976089023114485e-07,36.0,100800.0
Yunnan Yuxi Iron and Steel Group Yukun Iron and Steel Co Ltd,24.465884,102.543682,20684.0,1,2.866153763795071e-07,144.0,744624.0
Yunnan Yuxi Xianfu Iron and Steel (Group) Co Ltd,24.012309,102.186364,13160.0,1,3.619209100607362e-08,72.0,473760.0
Yuxi Xinxing Iron & Steel Co Ltd,24.249024,102.521747,1896.0,1,1.412068658871932e-07,36.0,68256.0
Zaporiz'kyi Metalurhiinyi Kombinat Zaporizhstal' PJSC,47.86838,35.161773,14604.0,1,,0.0,14604.0
Zarand Iranian Steel Co,30.749633,56.6675096,3000.0,1,,0.0,3000.0
Zenith Steel Group (Nantong) Co Ltd,32.133954,121.513173,13200.0,1,,0.0,13200.0
Zenith Steel Group Co Ltd,31.707656,120.079591,18020.0,1,1.2291463286718398e-06,72.0,648720.0
Zhangjiagang Hongchang Steel Co Ltd,31.983146,120.638992,37294.0,1,3.9780677868563765e-07,64.0,596704.0
Zhangjiagang Rongsheng Steel-Making Co Ltd,31.985496,120.644565,25702.0,1,3.9780677868563765e-07,32.0,411232.0
Zhejiang TSINGSHAN IRON&STEEL Co Ltd,28.136096,120.380401,1000.0,1,4.889955584066878e-07,36.0,36000.0
Zhejiang Wantai Special Steel Co Ltd,30.944342,120.971803,2400.0,1,5.359734074433366e-07,36.0,86400.0
Zhejiang Yuxin Industrial Co Ltd,28.787202,120.248592,4400.0,1,6.870046242619249e-07,72.0,158400.0
Zhengzhou YONGTONG SPECIAL Steel Co Ltd,34.64443,112.937985,1700.0,1,4.908971974586565e-07,36.0,61200.0
Zhenshi Group EASTERN SPECIAL Steel Co Ltd,30.720411,120.898518,6424.0,1,3.0746839703658504e-07,72.0,231264.0
Zhongpu (Handan) Iron and Steel Co Ltd,36.721376,113.91027100000001,6800.0,1,2.0744608613962095e-07,108.0,244800.0
Zhongxin Iron and Steel Group Co Ltd,34.368618,118.31556,10800.0,1,2.4302964404737456e-07,36.0,388800.0
Zhuhai Yueyufeng IRON&STEEL Co Ltd,21.96092,113.198718,6102.0,1,,0.0,6102.0
Zibo Qilin Fushan Steel Co Ltd,36.887998,118.145416,1400.0,1,5.708292349271224e-07,36.0,50400.0
Zunyi Changling Special Steel Co Ltd,27.614947,106.949752,3850.0,1,1.757514975498526e-07,72.0,138600.0
Zunyi County Fuxin Iron & Steel Product Co Ltd,27.591697,106.815453,4520.0,1,5.456231524717849e-07,72.0,162720.0
unknown,27.571389333333332,89.48505399999999,4800.0,3,,0.0,4800.0
Çebitaş Demir Çelik Endüstrisi AŞ,38.74074,26.951743,1720.0,1,,0.0,1720.0
Çolakoğlu Metalürji AŞ,40.768409,29.529979,9000.0,1,,0.0,9000.0
